"Season","game_date","Team","Opponent","attendance"
2018,2018-05-18,"PHOENIX MERCURY","Dallas Wings",11210
2018,2018-05-19,"INDIANA FEVER","Chicago Sky",6565
2018,2018-05-20,"CONNECTICUT SUN","Las Vegas Aces",6637
2018,2018-05-20,"WASHINGTON MYSTICS","Indiana Fever",7400
2018,2018-05-20,"DALLAS WINGS","Atlanta Dream",5907
2018,2018-05-20,"MINNESOTA LYNX","Los Angeles Sparks",13032
2018,2018-05-20,"CHICAGO SKY","New York Liberty",7922
2018,2018-05-20,"SEATTLE STORM","Phoenix Mercury",8602
2018,2018-05-22,"INDIANA FEVER","Los Angeles Sparks",4742
2018,2018-05-22,"WASHINGTON MYSTICS","Las Vegas Aces",4509
2018,2018-05-23,"CHICAGO SKY","Atlanta Dream",6147
2018,2018-05-23,"MINNESOTA LYNX","Dallas Wings",7834
2018,2018-05-23,"PHOENIX MERCURY","Seattle Storm",8068
2018,2018-05-24,"CONNECTICUT SUN","Los Angeles Sparks",5571
2018,2018-05-24,"INDIANA FEVER","Washington Mystics",4415
2018,2018-05-25,"NEW YORK LIBERTY","Minnesota Lynx",2315
2018,2018-05-25,"SEATTLE STORM","Chicago Sky",5866
2018,2018-05-26,"ATLANTA DREAM","Dallas Wings",4749
2018,2018-05-26,"CONNECTICUT SUN","Indiana Fever",5843
2018,2018-05-27,"WASHINGTON MYSTICS","Minnesota Lynx",5723
2018,2018-05-27,"LOS ANGELES SPARKS","Phoenix Mercury",11201
2018,2018-05-27,"LAS VEGAS ACES","Seattle Storm",7662
2018,2018-05-29,"ATLANTA DREAM","Minnesota Lynx",3785
2018,2018-05-29,"NEW YORK LIBERTY","Dallas Wings",1516
2018,2018-05-29,"SEATTLE STORM","Washington Mystics",4453
2018,2018-05-30,"PHOENIX MERCURY","Washington Mystics",8188
2018,2018-05-31,"SEATTLE STORM","Las Vegas Aces",5235
2018,2018-06-01,"MINNESOTA LYNX","Phoenix Mercury",8830
2018,2018-06-01,"CHICAGO SKY","Connecticut Sun",4131
2018,2018-06-01,"LAS VEGAS ACES","Washington Mystics",5575
2018,2018-06-02,"INDIANA FEVER","New York Liberty",5575
2018,2018-06-02,"DALLAS WINGS","Seattle Storm",5191
2018,2018-06-03,"ATLANTA DREAM","Phoenix Mercury",3796
2018,2018-06-03,"WASHINGTON MYSTICS","Connecticut Sun",5176
2018,2018-06-03,"LOS ANGELES SPARKS","Minnesota Lynx",13500
2018,2018-06-03,"CHICAGO SKY","Las Vegas Aces",5052
2018,2018-06-05,"NEW YORK LIBERTY","Phoenix Mercury",7215
2018,2018-06-05,"ATLANTA DREAM","Connecticut Sun",2830
2018,2018-06-07,"WASHINGTON MYSTICS","Minnesota Lynx",8587
2018,2018-06-07,"NEW YORK LIBERTY","Connecticut Sun",1581
2018,2018-06-07,"LOS ANGELES SPARKS","Seattle Storm",9204
2018,2018-06-08,"LAS VEGAS ACES","Atlanta Dream",5913
2018,2018-06-08,"INDIANA FEVER","Dallas Wings",5675
2018,2018-06-08,"PHOENIX MERCURY","Chicago Sky",8834
2018,2018-06-09,"CONNECTICUT SUN","Minnesota Lynx",6771
2018,2018-06-10,"NEW YORK LIBERTY","Indiana Fever",1537
2018,2018-06-10,"LOS ANGELES SPARKS","Chicago Sky",8239
2018,2018-06-10,"PHOENIX MERCURY","Las Vegas Aces",8471
2018,2018-06-10,"SEATTLE STORM","Atlanta Dream",6345
2018,2018-06-12,"INDIANA FEVER","Las Vegas Aces",5437
2018,2018-06-12,"DALLAS WINGS","Phoenix Mercury",4026
2018,2018-06-12,"SEATTLE STORM","Chicago Sky",4353
2018,2018-06-12,"LOS ANGELES SPARKS","Atlanta Dream",9215
2018,2018-06-13,"CONNECTICUT SUN","Washington Mystics",7696
2018,2018-06-13,"NEW YORK LIBERTY","Las Vegas Aces",1419
2018,2018-06-14,"ATLANTA DREAM","Indiana Fever",6561
2018,2018-06-15,"WASHINGTON MYSTICS","Los Angeles Sparks",5289
2018,2018-06-15,"DALLAS WINGS","Las Vegas Aces",4549
2018,2018-06-15,"SEATTLE STORM","Connecticut Sun",7094
2018,2018-06-16,"INDIANA FEVER","Atlanta Dream",6234
2018,2018-06-16,"MINNESOTA LYNX","New York Liberty",9114
2018,2018-06-16,"PHOENIX MERCURY","Connecticut Sun",12497
2018,2018-06-17,"CHICAGO SKY","Los Angeles Sparks",5584
2018,2018-06-17,"LAS VEGAS ACES","Phoenix Mercury",4432
2018,2018-06-19,"NEW YORK LIBERTY","Atlanta Dream",1627
2018,2018-06-19,"WASHINGTON MYSTICS","Chicago Sky",4206
2018,2018-06-19,"MINNESOTA LYNX","Dallas Wings",8023
2018,2018-06-19,"SEATTLE STORM","Las Vegas Aces",6395
2018,2018-06-19,"LOS ANGELES SPARKS","Indiana Fever",8857
2018,2018-06-22,"ATLANTA DREAM","Connecticut Sun",4047
2018,2018-06-22,"DALLAS WINGS","Los Angeles Sparks",5672
2018,2018-06-22,"CHICAGO SKY","Washington Mystics",5831
2018,2018-06-22,"LAS VEGAS ACES","New York Liberty",5478
2018,2018-06-22,"PHOENIX MERCURY","Minnesota Lynx",11349
2018,2018-06-22,"SEATTLE STORM","Indiana Fever",8142
2018,2018-06-24,"DALLAS WINGS","Seattle Storm",4084
2018,2018-06-24,"LOS ANGELES SPARKS","New York Liberty",9203
2018,2018-06-24,"INDIANA FEVER","Connecticut Sun",5458
2018,2018-06-24,"LAS VEGAS ACES","Minnesota Lynx",4814
2018,2018-06-24,"CHICAGO SKY","Phoenix Mercury",4741
2018,2018-06-26,"NEW YORK LIBERTY","Phoenix Mercury",1839
2018,2018-06-26,"WASHINGTON MYSTICS","Connecticut Sun",4139
2018,2018-06-26,"MINNESOTA LYNX","Seattle Storm",8634
2018,2018-06-26,"LOS ANGELES SPARKS","Dallas Wings",10002
2018,2018-06-27,"CHICAGO SKY","Atlanta Dream",8521
2018,2018-06-27,"CONNECTICUT SUN","Indiana Fever",5112
2018,2018-06-27,"LAS VEGAS ACES","Dallas Wings",5246
2018,2018-06-28,"WASHINGTON MYSTICS","New York Liberty",4473
2018,2018-06-28,"SEATTLE STORM","Los Angeles Sparks",8447
2018,2018-06-29,"INDIANA FEVER","Phoenix Mercury",7241
2018,2018-06-29,"NEW YORK LIBERTY","Chicago Sky",1837
2018,2018-06-29,"MINNESOTA LYNX","Atlanta Dream",9209
2018,2018-06-29,"LAS VEGAS ACES","Los Angeles Sparks",5124
2018,2018-06-30,"WASHINGTON MYSTICS","Phoenix Mercury",6218
2018,2018-07-01,"DALLAS WINGS","Minnesota Lynx",4448
2018,2018-07-01,"LOS ANGELES SPARKS","Las Vegas Aces",12003
2018,2018-07-01,"INDIANA FEVER","Atlanta Dream",5277
2018,2018-07-01,"CHICAGO SKY","New York Liberty",5382
2018,2018-07-01,"SEATTLE STORM","Connecticut Sun",9307
2018,2018-07-03,"NEW YORK LIBERTY","Seattle Storm",1749
2018,2018-07-03,"DALLAS WINGS","Chicago Sky",4012
2018,2018-07-03,"MINNESOTA LYNX","Indiana Fever",8632
2018,2018-07-03,"LOS ANGELES SPARKS","Connecticut Sun",6280
2018,2018-07-05,"WASHINGTON MYSTICS","New York Liberty",4674
2018,2018-07-05,"DALLAS WINGS","Indiana Fever",4043
2018,2018-07-05,"MINNESOTA LYNX","Los Angeles Sparks",9303
2018,2018-07-05,"LAS VEGAS ACES","Chicago Sky",4699
2018,2018-07-05,"PHOENIX MERCURY","Connecticut Sun",8599
2018,2018-07-06,"ATLANTA DREAM","Seattle Storm",3935
2018,2018-07-07,"LOS ANGELES SPARKS","Washington Mystics",10163
2018,2018-07-07,"CHICAGO SKY","Minnesota Lynx",6139
2018,2018-07-07,"LAS VEGAS ACES","Connecticut Sun",3363
2018,2018-07-08,"ATLANTA DREAM","Phoenix Mercury",3952
2018,2018-07-08,"NEW YORK LIBERTY","Dallas Wings",1719
2018,2018-07-08,"SEATTLE STORM","Washington Mystics",8724
2018,2018-07-10,"SEATTLE STORM","Los Angeles Sparks",9686
2018,2018-07-10,"DALLAS WINGS","Phoenix Mercury",4034
2018,2018-07-10,"CHICAGO SKY","Las Vegas Aces",7696
2018,2018-07-11,"CONNECTICUT SUN","New York Liberty",7413
2018,2018-07-11,"WASHINGTON MYSTICS","Atlanta Dream",11354
2018,2018-07-11,"INDIANA FEVER","Minnesota Lynx",10006
2018,2018-07-12,"LOS ANGELES SPARKS","Dallas Wings",13502
2018,2018-07-13,"ATLANTA DREAM","Indiana Fever",3807
2018,2018-07-13,"CONNECTICUT SUN","Phoenix Mercury",7696
2018,2018-07-13,"WASHINGTON MYSTICS","Chicago Sky",5858
2018,2018-07-13,"MINNESOTA LYNX","Las Vegas Aces",9813
2018,2018-07-14,"SEATTLE STORM","Dallas Wings",9686
2018,2018-07-15,"ATLANTA DREAM","Washington Mystics",3880
2018,2018-07-15,"NEW YORK LIBERTY","Chicago Sky",2073
2018,2018-07-15,"INDIANA FEVER","Phoenix Mercury",6302
2018,2018-07-15,"LAS VEGAS ACES","Los Angeles Sparks",4810
2018,2018-07-15,"MINNESOTA LYNX","Connecticut Sun",9234
2018,2018-07-17,"DALLAS WINGS","New York Liberty",6459
2018,2018-07-17,"CONNECTICUT SUN","Atlanta Dream",5555
2018,2018-07-18,"CHICAGO SKY","Seattle Storm",10024
2018,2018-07-18,"MINNESOTA LYNX","Indiana Fever",17933
2018,2018-07-19,"ATLANTA DREAM","New York Liberty",3074
2018,2018-07-19,"DALLAS WINGS","Washington Mystics",4411
2018,2018-07-19,"PHOENIX MERCURY","Las Vegas Aces",8587
2018,2018-07-20,"CONNECTICUT SUN","Seattle Storm",7908
2018,2018-07-20,"CHICAGO SKY","Dallas Wings",4962
2018,2018-07-20,"LOS ANGELES SPARKS","Indiana Fever",10532
2018,2018-07-21,"NEW YORK LIBERTY","Washington Mystics",2005
2018,2018-07-21,"PHOENIX MERCURY","Minnesota Lynx",11473
2018,2018-07-22,"ATLANTA DREAM","Seattle Storm",4916
2018,2018-07-22,"DALLAS WINGS","Connecticut Sun",4935
2018,2018-07-22,"LAS VEGAS ACES","Indiana Fever",5368
2018,2018-07-22,"CHICAGO SKY","Los Angeles Sparks",6477
2018,2018-07-24,"CONNECTICUT SUN","Washington Mystics",5125
2018,2018-07-24,"INDIANA FEVER","Seattle Storm",5908
2018,2018-07-24,"MINNESOTA LYNX","New York Liberty",9830
2018,2018-07-24,"LOS ANGELES SPARKS","Atlanta Dream",9324
2018,2018-07-25,"PHOENIX MERCURY","Chicago Sky",10338
2018,2018-07-31,"ATLANTA DREAM","Washington Mystics",3648
2018,2018-07-31,"DALLAS WINGS","Chicago Sky",3696
2018,2018-07-31,"PHOENIX MERCURY","Seattle Storm",10005
2018,2018-08-01,"CONNECTICUT SUN","New York Liberty",6412
2018,2018-08-01,"LAS VEGAS ACES","Phoenix Mercury",5129
2018,2018-08-02,"INDIANA FEVER","Dallas Wings",5981
2018,2018-08-02,"LOS ANGELES SPARKS","Minnesota Lynx",9542
2018,2018-08-03,"ATLANTA DREAM","Chicago Sky",5120
2018,2018-08-03,"SEATTLE STORM","Minnesota Lynx",12064
2018,2018-08-04,"NEW YORK LIBERTY","Indiana Fever",2225
2018,2018-08-05,"CONNECTICUT SUN","Las Vegas Aces",6791
2018,2018-08-05,"DALLAS WINGS","Washington Mystics",5623
2018,2018-08-05,"LOS ANGELES SPARKS","Phoenix Mercury",19076
2018,2018-08-05,"MINNESOTA LYNX","Atlanta Dream",9333
2018,2018-08-06,"NEW YORK LIBERTY","Seattle Storm",12488
2018,2018-08-07,"ATLANTA DREAM","Las Vegas Aces",4033
2018,2018-08-07,"INDIANA FEVER","Seattle Storm",6401
2018,2018-08-07,"CHICAGO SKY","Minnesota Lynx",6388
2018,2018-08-07,"PHOENIX MERCURY","Washington Mystics",7769
2018,2018-08-08,"NEW YORK LIBERTY","Los Angeles Sparks",2481
2018,2018-08-08,"DALLAS WINGS","Connecticut Sun",3483
2018,2018-08-09,"WASHINGTON MYSTICS","Seattle Storm",6808
2018,2018-08-09,"ATLANTA DREAM","Los Angeles Sparks",4235
2018,2018-08-09,"LAS VEGAS ACES","Minnesota Lynx",4497
2018,2018-08-10,"CHICAGO SKY","Connecticut Sun",5976
2018,2018-08-10,"PHOENIX MERCURY","Indiana Fever",8860
2018,2018-08-11,"ATLANTA DREAM","Dallas Wings",4937
2018,2018-08-11,"LAS VEGAS ACES","Indiana Fever",5213
2018,2018-08-12,"NEW YORK LIBERTY","Atlanta Dream",2362
2018,2018-08-12,"CONNECTICUT SUN","Chicago Sky",7687
2018,2018-08-12,"WASHINGTON MYSTICS","Dallas Wings",6362
2018,2018-08-12,"PHOENIX MERCURY","Los Angeles Sparks",10618
2018,2018-08-12,"MINNESOTA LYNX","Seattle Storm",9123
2018,2018-08-14,"CONNECTICUT SUN","Dallas Wings",6365
2018,2018-08-14,"MINNESOTA LYNX","Chicago Sky",9730
2018,2018-08-14,"LOS ANGELES SPARKS","New York Liberty",11067
2018,2018-08-15,"INDIANA FEVER","Washington Mystics",7636
2018,2018-08-15,"LAS VEGAS ACES","New York Liberty",7159
2018,2018-08-17,"CONNECTICUT SUN","Minnesota Lynx",7089
2018,2018-08-17,"WASHINGTON MYSTICS","Los Angeles Sparks",7400
2018,2018-08-17,"DALLAS WINGS","Las Vegas Aces",6209
2018,2018-08-17,"PHOENIX MERCURY","Atlanta Dream",11177
2018,2018-08-17,"SEATTLE STORM","New York Liberty",10873
2018,2018-08-18,"INDIANA FEVER","Chicago Sky",8442
2018,2018-08-19,"CONNECTICUT SUN","Los Angeles Sparks",8040
2018,2018-08-19,"LAS VEGAS ACES","Atlanta Dream",5737
2018,2018-08-19,"PHOENIX MERCURY","New York Liberty",13106
2018,2018-08-19,"CHICAGO SKY","Indiana Fever",7118
2018,2018-08-19,"SEATTLE STORM","Dallas Wings",12574
2018,2018-08-19,"MINNESOTA LYNX","Washington Mystics",13013
2019,2019-05-24,"ATLANTA DREAM","Dallas Wings",3070
2019,2019-05-24,"NEW YORK LIBERTY","Indiana Fever",1965
2019,2019-05-25,"SEATTLE STORM","Phoenix Mercury",8500
2019,2019-05-25,"CONNECTICUT SUN","Washington Mystics",7913
2019,2019-05-25,"MINNESOTA LYNX","Chicago Sky",8524
2019,2019-05-26,"LAS VEGAS ACES","Los Angeles Sparks",7249
2019,2019-05-28,"CONNECTICUT SUN","Indiana Fever",4781
2019,2019-05-29,"MINNESOTA LYNX","Seattle Storm",8092
2019,2019-05-31,"ATLANTA DREAM","Seattle Storm",2119
2019,2019-05-31,"PHOENIX MERCURY","Las Vegas Aces",14090
2019,2019-05-31,"LOS ANGELES SPARKS","Connecticut Sun",12334
2019,2019-06-01,"INDIANA FEVER","New York Liberty",5003
2019,2019-06-01,"WASHINGTON MYSTICS","Atlanta Dream",4200
2019,2019-06-01,"DALLAS WINGS","Minnesota Lynx",6535
2019,2019-06-01,"CHICAGO SKY","Seattle Storm",7063
2019,2019-06-02,"LAS VEGAS ACES","Connecticut Sun",2747
2019,2019-06-04,"NEW YORK LIBERTY","Los Angeles Sparks",3579
2019,2019-06-04,"SEATTLE STORM","Minnesota Lynx",5711
2019,2019-06-05,"WASHINGTON MYSTICS","Chicago Sky",2347
2019,2019-06-06,"CONNECTICUT SUN","Los Angeles Sparks",5496
2019,2019-06-06,"ATLANTA DREAM","Las Vegas Aces",2630
2019,2019-06-06,"MINNESOTA LYNX","Phoenix Mercury",8001
2019,2019-06-07,"INDIANA FEVER","Dallas Wings",3671
2019,2019-06-07,"NEW YORK LIBERTY","Washington Mystics",1567
2019,2019-06-08,"MINNESOTA LYNX","Los Angeles Sparks",8834
2019,2019-06-09,"NEW YORK LIBERTY","Las Vegas Aces",1447
2019,2019-06-09,"WASHINGTON MYSTICS","Dallas Wings",3564
2019,2019-06-09,"ATLANTA DREAM","Connecticut Sun",3082
2019,2019-06-09,"INDIANA FEVER","Phoenix Mercury",3336
2019,2019-06-09,"CHICAGO SKY","Seattle Storm",5032
2019,2019-06-11,"CONNECTICUT SUN","Washington Mystics",5224
2019,2019-06-11,"INDIANA FEVER","Seattle Storm",3506
2019,2019-06-11,"CHICAGO SKY","Phoenix Mercury",4212
2019,2019-06-12,"NEW YORK LIBERTY","Minnesota Lynx",1181
2019,2019-06-13,"DALLAS WINGS","Indiana Fever",3562
2019,2019-06-14,"WASHINGTON MYSTICS","Seattle Storm",3654
2019,2019-06-14,"MINNESOTA LYNX","Connecticut Sun",8803
2019,2019-06-14,"PHOENIX MERCURY","Los Angeles Sparks",10381
2019,2019-06-14,"LAS VEGAS ACES","New York Liberty",4110
2019,2019-06-15,"INDIANA FEVER","Chicago Sky",4715
2019,2019-06-15,"DALLAS WINGS","Atlanta Dream",5220
2019,2019-06-15,"LOS ANGELES SPARKS","New York Liberty",11388
2019,2019-06-16,"CONNECTICUT SUN","Seattle Storm",7773
2019,2019-06-16,"MINNESOTA LYNX","Las Vegas Aces",8392
2019,2019-06-18,"LOS ANGELES SPARKS","Washington Mystics",9537
2019,2019-06-19,"ATLANTA DREAM","Indiana Fever",6474
2019,2019-06-19,"NEW YORK LIBERTY","Chicago Sky",1585
2019,2019-06-20,"DALLAS WINGS","Phoenix Mercury",4626
2019,2019-06-20,"LAS VEGAS ACES","Washington Mystics",4416
2019,2019-06-21,"CONNECTICUT SUN","Atlanta Dream",6608
2019,2019-06-21,"CHICAGO SKY","Indiana Fever",4945
2019,2019-06-21,"SEATTLE STORM","Los Angeles Sparks",6114
2019,2019-06-22,"MINNESOTA LYNX","New York Liberty",8600
2019,2019-06-22,"LAS VEGAS ACES","Dallas Wings",4347
2019,2019-06-23,"ATLANTA DREAM","Washington Mystics",4136
2019,2019-06-23,"PHOENIX MERCURY","Los Angeles Sparks",10132
2019,2019-06-23,"CHICAGO SKY","Connecticut Sun",5607
2019,2019-06-23,"SEATTLE STORM","Indiana Fever",7211
2019,2019-06-25,"INDIANA FEVER","Minnesota Lynx",4692
2019,2019-06-25,"LAS VEGAS ACES","Seattle Storm",4215
2019,2019-06-26,"CHICAGO SKY","Washington Mystics",8914
2019,2019-06-26,"DALLAS WINGS","Connecticut Sun",4017
2019,2019-06-27,"LOS ANGELES SPARKS","Las Vegas Aces",10295
2019,2019-06-28,"NEW YORK LIBERTY","Dallas Wings",2191
2019,2019-06-28,"PHOENIX MERCURY","Indiana Fever",9435
2019,2019-06-28,"SEATTLE STORM","Chicago Sky",7915
2019,2019-06-29,"WASHINGTON MYSTICS","Connecticut Sun",4200
2019,2019-06-29,"LAS VEGAS ACES","Indiana Fever",4581
2019,2019-06-30,"ATLANTA DREAM","New York Liberty",4359
2019,2019-06-30,"DALLAS WINGS","Minnesota Lynx",4521
2019,2019-06-30,"LOS ANGELES SPARKS","Chicago Sky",11067
2019,2019-06-30,"SEATTLE STORM","Phoenix Mercury",8002
2019,2019-07-02,"LAS VEGAS ACES","Chicago Sky",3516
2019,2019-07-02,"MINNESOTA LYNX","Atlanta Dream",8208
2019,2019-07-03,"SEATTLE STORM","New York Liberty",8710
2019,2019-07-05,"DALLAS WINGS","Indiana Fever",5093
2019,2019-07-05,"PHOENIX MERCURY","New York Liberty",9560
2019,2019-07-05,"SEATTLE STORM","Atlanta Dream",8111
2019,2019-07-06,"CONNECTICUT SUN","Minnesota Lynx",8076
2019,2019-07-07,"NEW YORK LIBERTY","Las Vegas Aces",1971
2019,2019-07-07,"LOS ANGELES SPARKS","Washington Mystics",10336
2019,2019-07-07,"CHICAGO SKY","Dallas Wings",6102
2019,2019-07-07,"PHOENIX MERCURY","Atlanta Dream",9850
2019,2019-07-09,"DALLAS WINGS","Los Angeles Sparks",6885
2019,2019-07-10,"ATLANTA DREAM","Connecticut Sun",3866
2019,2019-07-10,"WASHINGTON MYSTICS","Phoenix Mercury",15377
2019,2019-07-10,"INDIANA FEVER","Las Vegas Aces",9247
2019,2019-07-10,"CHICAGO SKY","Minnesota Lynx",8508
2019,2019-07-12,"INDIANA FEVER","Los Angeles Sparks",7849
2019,2019-07-12,"ATLANTA DREAM","Minnesota Lynx",4001
2019,2019-07-12,"CHICAGO SKY","New York Liberty",7221
2019,2019-07-12,"CONNECTICUT SUN","Phoenix Mercury",6864
2019,2019-07-12,"SEATTLE STORM","Dallas Wings",6451
2019,2019-07-13,"WASHINGTON MYSTICS","Las Vegas Aces",4200
2019,2019-07-14,"ATLANTA DREAM","Los Angeles Sparks",5083
2019,2019-07-14,"INDIANA FEVER","Connecticut Sun",6434
2019,2019-07-14,"DALLAS WINGS","Chicago Sky",4261
2019,2019-07-14,"SEATTLE STORM","New York Liberty",6733
2019,2019-07-14,"MINNESOTA LYNX","Phoenix Mercury",8801
2019,2019-07-17,"CHICAGO SKY","Atlanta Dream",10143
2019,2019-07-17,"PHOENIX MERCURY","Dallas Wings",10143
2019,2019-07-17,"MINNESOTA LYNX","Seattle Storm",8403
2019,2019-07-18,"LOS ANGELES SPARKS","Dallas Wings",14050
2019,2019-07-19,"INDIANA FEVER","Washington Mystics",6726
2019,2019-07-19,"CONNECTICUT SUN","Atlanta Dream",6733
2019,2019-07-19,"SEATTLE STORM","Las Vegas Aces",9000
2019,2019-07-20,"NEW YORK LIBERTY","Los Angeles Sparks",2195
2019,2019-07-20,"DALLAS WINGS","Phoenix Mercury",5471
2019,2019-07-21,"WASHINGTON MYSTICS","Atlanta Dream",4200
2019,2019-07-21,"LAS VEGAS ACES","Minnesota Lynx",4352
2019,2019-07-21,"CHICAGO SKY","Indiana Fever",6614
2019,2019-07-23,"ATLANTA DREAM","Los Angeles Sparks",7047
2019,2019-07-23,"PHOENIX MERCURY","Indiana Fever",8528
2019,2019-07-23,"LAS VEGAS ACES","Seattle Storm",5193
2019,2019-07-24,"CONNECTICUT SUN","New York Liberty",8249
2019,2019-07-24,"MINNESOTA LYNX","Washington Mystics",17934
2019,2019-07-30,"WASHINGTON MYSTICS","Phoenix Mercury",3819
2019,2019-07-30,"CONNECTICUT SUN","Chicago Sky",6358
2019,2019-07-30,"LAS VEGAS ACES","Dallas Wings",3756
2019,2019-07-31,"INDIANA FEVER","Atlanta Dream",5702
2019,2019-08-01,"CONNECTICUT SUN","Phoenix Mercury",6014
2019,2019-08-01,"DALLAS WINGS","New York Liberty",4011
2019,2019-08-01,"LOS ANGELES SPARKS","Las Vegas Aces",11692
2019,2019-08-02,"SEATTLE STORM","Washington Mystics",7488
2019,2019-08-03,"INDIANA FEVER","Minnesota Lynx",7884
2019,2019-08-03,"ATLANTA DREAM","Chicago Sky",5427
2019,2019-08-03,"DALLAS WINGS","Las Vegas Aces",5882
2019,2019-08-04,"NEW YORK LIBERTY","Connecticut Sun",1927
2019,2019-08-04,"LOS ANGELES SPARKS","Seattle Storm",12820
2019,2019-08-04,"PHOENIX MERCURY","Washington Mystics",9025
2019,2019-08-05,"LAS VEGAS ACES","Washington Mystics",5024
2019,2019-08-06,"ATLANTA DREAM","Minnesota Lynx",3395
2019,2019-08-07,"CHICAGO SKY","New York Liberty",5797
2019,2019-08-08,"WASHINGTON MYSTICS","Indiana Fever",3013
2019,2019-08-08,"LOS ANGELES SPARKS","Phoenix Mercury",10345
2019,2019-08-08,"SEATTLE STORM","Dallas Wings",6268
2019,2019-08-09,"MINNESOTA LYNX","Connecticut Sun",8892
2019,2019-08-09,"LAS VEGAS ACES","Chicago Sky",4200
2019,2019-08-10,"INDIANA FEVER","Atlanta Dream",7923
2019,2019-08-10,"PHOENIX MERCURY","Dallas Wings",9717
2019,2019-08-11,"WASHINGTON MYSTICS","Minnesota Lynx",4200
2019,2019-08-11,"NEW YORK LIBERTY","Seattle Storm",7715
2019,2019-08-11,"LOS ANGELES SPARKS","Chicago Sky",9244
2019,2019-08-11,"LAS VEGAS ACES","Connecticut Sun",4633
2019,2019-08-13,"NEW YORK LIBERTY","Minnesota Lynx",1570
2019,2019-08-13,"LAS VEGAS ACES","Atlanta Dream",3532
2019,2019-08-14,"DALLAS WINGS","Los Angeles Sparks",5004
2019,2019-08-14,"WASHINGTON MYSTICS","Seattle Storm",3917
2019,2019-08-14,"PHOENIX MERCURY","Connecticut Sun",8734
2019,2019-08-16,"CONNECTICUT SUN","Seattle Storm",7092
2019,2019-08-16,"CHICAGO SKY","Los Angeles Sparks",7907
2019,2019-08-16,"DALLAS WINGS","New York Liberty",4070
2019,2019-08-16,"MINNESOTA LYNX","Washington Mystics",8803
2019,2019-08-16,"PHOENIX MERCURY","Atlanta Dream",8480
2019,2019-08-18,"CONNECTICUT SUN","Dallas Wings",7275
2019,2019-08-18,"WASHINGTON MYSTICS","Indiana Fever",4034
2019,2019-08-18,"PHOENIX MERCURY","New York Liberty",9145
2019,2019-08-18,"CHICAGO SKY","Las Vegas Aces",6072
2019,2019-08-18,"SEATTLE STORM","Minnesota Lynx",9000
2019,2019-08-20,"INDIANA FEVER","New York Liberty",5340
2019,2019-08-20,"ATLANTA DREAM","Chicago Sky",4662
2019,2019-08-20,"LAS VEGAS ACES","Phoenix Mercury",5032
2019,2019-08-20,"LOS ANGELES SPARKS","Minnesota Lynx",9244
2019,2019-08-22,"MINNESOTA LYNX","Dallas Wings",8124
2019,2019-08-22,"LOS ANGELES SPARKS","Indiana Fever",8816
2019,2019-08-23,"CONNECTICUT SUN","Las Vegas Aces",7483
2019,2019-08-23,"NEW YORK LIBERTY","Atlanta Dream",1831
2019,2019-08-23,"CHICAGO SKY","Washington Mystics",6131
2019,2019-08-25,"WASHINGTON MYSTICS","New York Liberty",4200
2019,2019-08-25,"DALLAS WINGS","Atlanta Dream",4715
2019,2019-08-25,"LOS ANGELES SPARKS","Connecticut Sun",17076
2019,2019-08-25,"PHOENIX MERCURY","Chicago Sky",12054
2019,2019-08-25,"MINNESOTA LYNX","Las Vegas Aces",8834
2019,2019-08-25,"SEATTLE STORM","Indiana Fever",8076
2019,2019-08-27,"WASHINGTON MYSTICS","Los Angeles Sparks",4200
2019,2019-08-27,"NEW YORK LIBERTY","Phoenix Mercury",1693
2019,2019-08-27,"INDIANA FEVER","Las Vegas Aces",6958
2019,2019-08-27,"MINNESOTA LYNX","Chicago Sky",8092
2019,2019-08-27,"SEATTLE STORM","Connecticut Sun",6258
2019,2019-08-29,"INDIANA FEVER","Los Angeles Sparks",5641
2019,2019-08-29,"CHICAGO SKY","Dallas Wings",5614
2019,2019-08-30,"ATLANTA DREAM","Phoenix Mercury",3727
2019,2019-08-30,"NEW YORK LIBERTY","Connecticut Sun",1791
2019,2019-08-31,"DALLAS WINGS","Washington Mystics",5205
2019,2019-08-31,"LAS VEGAS ACES","Los Angeles Sparks",8470
2019,2019-09-01,"CHICAGO SKY","Phoenix Mercury",8845
2019,2019-09-01,"MINNESOTA LYNX","Indiana Fever",8833
2019,2019-09-01,"SEATTLE STORM","Atlanta Dream",9000
2019,2019-09-03,"NEW YORK LIBERTY","Washington Mystics",1558
2019,2019-09-03,"PHOENIX MERCURY","Seattle Storm",8724
2019,2019-09-03,"LOS ANGELES SPARKS","Atlanta Dream",9889
2019,2019-09-04,"CONNECTICUT SUN","Dallas Wings",6284
2019,2019-09-05,"ATLANTA DREAM","Las Vegas Aces",4023
2019,2019-09-05,"LOS ANGELES SPARKS","Seattle Storm",10591
2019,2019-09-06,"WASHINGTON MYSTICS","Dallas Wings",3963
2019,2019-09-06,"NEW YORK LIBERTY","Indiana Fever",2301
2019,2019-09-06,"CONNECTICUT SUN","Chicago Sky",8077
2019,2019-09-06,"PHOENIX MERCURY","Minnesota Lynx",12140
2019,2019-09-08,"ATLANTA DREAM","New York Liberty",5495
2019,2019-09-08,"PHOENIX MERCURY","Las Vegas Aces",13135
2019,2019-09-08,"LOS ANGELES SPARKS","Minnesota Lynx",13500
2019,2019-09-08,"INDIANA FEVER","Connecticut Sun",5451
2019,2019-09-08,"DALLAS WINGS","Seattle Storm",5910
2019,2019-09-08,"WASHINGTON MYSTICS","Chicago Sky",4200
2021,2021-05-14,"NEW YORK LIBERTY","Indiana Fever",1139
2021,2021-05-14,"ATLANTA DREAM","Connecticut Sun",561
2021,2021-05-14,"MINNESOTA LYNX","Phoenix Mercury",2021
2021,2021-05-14,"LOS ANGELES SPARKS","Dallas Wings",0
2021,2021-05-15,"WASHINGTON MYSTICS","Chicago Sky",1050
2021,2021-05-15,"SEATTLE STORM","Las Vegas Aces",1031
2021,2021-05-16,"CONNECTICUT SUN","Phoenix Mercury",2042
2021,2021-05-18,"NEW YORK LIBERTY","Minnesota Lynx",815
2021,2021-05-18,"WASHINGTON MYSTICS","Phoenix Mercury",1050
2021,2021-05-18,"SEATTLE STORM","Las Vegas Aces",1001
2021,2021-05-19,"ATLANTA DREAM","Chicago Sky",689
2021,2021-05-19,"CONNECTICUT SUN","Indiana Fever",2084
2021,2021-05-20,"MINNESOTA LYNX","Seattle Storm",1934
2021,2021-05-21,"WASHINGTON MYSTICS","New York Liberty",1050
2021,2021-05-21,"PHOENIX MERCURY","Connecticut Sun",4101
2021,2021-05-21,"LAS VEGAS ACES","Los Angeles Sparks",1972
2021,2021-05-22,"DALLAS WINGS","Seattle Storm",1491
2021,2021-05-23,"CHICAGO SKY","New York Liberty",1332
2021,2021-05-23,"LAS VEGAS ACES","Connecticut Sun",1954
2021,2021-05-24,"NEW YORK LIBERTY","Dallas Wings",894
2021,2021-05-25,"CHICAGO SKY","Atlanta Dream",1004
2021,2021-05-25,"SEATTLE STORM","Connecticut Sun",1011
2021,2021-05-26,"PHOENIX MERCURY","Las Vegas Aces",4082
2021,2021-05-27,"ATLANTA DREAM","Dallas Wings",711
2021,2021-05-28,"CONNECTICUT SUN","Washington Mystics",2102
2021,2021-05-28,"CHICAGO SKY","Los Angeles Sparks",1124
2021,2021-05-28,"SEATTLE STORM","Minnesota Lynx",1332
2021,2021-05-28,"LAS VEGAS ACES","Indiana Fever",1975
2021,2021-05-29,"NEW YORK LIBERTY","Atlanta Dream",1235
2021,2021-05-29,"DALLAS WINGS","Phoenix Mercury",1717
2021,2021-05-30,"CHICAGO SKY","Los Angeles Sparks",1124
2021,2021-05-30,"LAS VEGAS ACES","Indiana Fever",1981
2021,2021-05-30,"MINNESOTA LYNX","Connecticut Sun",2007
2021,2021-06-01,"CONNECTICUT SUN","Las Vegas Aces",2012
2021,2021-06-01,"DALLAS WINGS","Los Angeles Sparks",1372
2021,2021-06-01,"CHICAGO SKY","Phoenix Mercury",1217
2021,2021-06-01,"SEATTLE STORM","Indiana Fever",1215
2021,2021-06-03,"NEW YORK LIBERTY","Las Vegas Aces",1389
2021,2021-06-03,"PHOENIX MERCURY","Chicago Sky",3819
2021,2021-06-03,"LOS ANGELES SPARKS","Indiana Fever",301
2021,2021-06-04,"MINNESOTA LYNX","Atlanta Dream",2024
2021,2021-06-04,"SEATTLE STORM","Dallas Wings",1467
2021,2021-06-05,"WASHINGTON MYSTICS","Las Vegas Aces",2100
2021,2021-06-05,"LOS ANGELES SPARKS","Chicago Sky",430
2021,2021-06-05,"CONNECTICUT SUN","New York Liberty",2118
2021,2021-06-06,"MINNESOTA LYNX","Atlanta Dream",2021
2021,2021-06-06,"SEATTLE STORM","Dallas Wings",1930
2021,2021-06-08,"WASHINGTON MYSTICS","Minnesota Lynx",2100
2021,2021-06-08,"PHOENIX MERCURY","Dallas Wings",3618
2021,2021-06-09,"ATLANTA DREAM","Seattle Storm",1014
2021,2021-06-09,"CHICAGO SKY","Indiana Fever",1090
2021,2021-06-10,"WASHINGTON MYSTICS","Los Angeles Sparks",2100
2021,2021-06-11,"ATLANTA DREAM","Seattle Storm",1405
2021,2021-06-11,"PHOENIX MERCURY","Dallas Wings",4261
2021,2021-06-12,"MINNESOTA LYNX","Los Angeles Sparks",2203
2021,2021-06-13,"CONNECTICUT SUN","Seattle Storm",2248
2021,2021-06-13,"ATLANTA DREAM","Washington Mystics",1122
2021,2021-06-13,"LAS VEGAS ACES","Dallas Wings",2126
2021,2021-06-13,"PHOENIX MERCURY","New York Liberty",4476
2021,2021-06-15,"MINNESOTA LYNX","Chicago Sky",2024
2021,2021-06-15,"LAS VEGAS ACES","New York Liberty",2115
2021,2021-06-16,"LOS ANGELES SPARKS","Phoenix Mercury",514
2021,2021-06-17,"WASHINGTON MYSTICS","Atlanta Dream",2100
2021,2021-06-17,"CHICAGO SKY","Connecticut Sun",1293
2021,2021-06-17,"DALLAS WINGS","Minnesota Lynx",1519
2021,2021-06-17,"LAS VEGAS ACES","New York Liberty",2215
2021,2021-06-18,"LOS ANGELES SPARKS","Phoenix Mercury",520
2021,2021-06-19,"CHICAGO SKY","Connecticut Sun",1293
2021,2021-06-19,"WASHINGTON MYSTICS","Indiana Fever",2100
2021,2021-06-19,"DALLAS WINGS","Minnesota Lynx",1751
2021,2021-06-20,"LOS ANGELES SPARKS","New York Liberty",731
2021,2021-06-22,"CONNECTICUT SUN","Dallas Wings",2076
2021,2021-06-22,"NEW YORK LIBERTY","Chicago Sky",1419
2021,2021-06-22,"SEATTLE STORM","Washington Mystics",2495
2021,2021-06-23,"ATLANTA DREAM","Minnesota Lynx",907
2021,2021-06-24,"NEW YORK LIBERTY","Chicago Sky",2148
2021,2021-06-24,"LOS ANGELES SPARKS","Washington Mystics",520
2021,2021-06-25,"MINNESOTA LYNX","Las Vegas Aces",2734
2021,2021-06-26,"DALLAS WINGS","Washington Mystics",2055
2021,2021-06-26,"ATLANTA DREAM","New York Liberty",1605
2021,2021-06-27,"CONNECTICUT SUN","Chicago Sky",2014
2021,2021-06-27,"LAS VEGAS ACES","Seattle Storm",3766
2021,2021-06-27,"PHOENIX MERCURY","Los Angeles Sparks",7304
2021,2021-06-29,"ATLANTA DREAM","New York Liberty",1131
2021,2021-06-29,"WASHINGTON MYSTICS","Connecticut Sun",2100
2021,2021-06-30,"DALLAS WINGS","Chicago Sky",1778
2021,2021-06-30,"PHOENIX MERCURY","Minnesota Lynx",4122
2021,2021-06-30,"LOS ANGELES SPARKS","Las Vegas Aces",746
2021,2021-07-02,"DALLAS WINGS","Chicago Sky",2187
2021,2021-07-02,"LOS ANGELES SPARKS","Las Vegas Aces",959
2021,2021-07-02,"SEATTLE STORM","Atlanta Dream",3011
2021,2021-07-03,"NEW YORK LIBERTY","Washington Mystics",1615
2021,2021-07-03,"PHOENIX MERCURY","Minnesota Lynx",8182
2021,2021-07-04,"LAS VEGAS ACES","Atlanta Dream",2705
2021,2021-07-04,"LOS ANGELES SPARKS","Seattle Storm",716
2021,2021-07-05,"NEW YORK LIBERTY","Dallas Wings",1677
2021,2021-07-07,"MINNESOTA LYNX","Dallas Wings",2321
2021,2021-07-07,"LAS VEGAS ACES","Phoenix Mercury",3013
2021,2021-07-07,"SEATTLE STORM","Los Angeles Sparks",2730
2021,2021-07-09,"CONNECTICUT SUN","Atlanta Dream",2286
2021,2021-07-09,"PHOENIX MERCURY","Seattle Storm",7554
2021,2021-07-09,"LAS VEGAS ACES","Minnesota Lynx",4291
2021,2021-07-10,"CHICAGO SKY","Washington Mystics",8331
2021,2021-07-11,"DALLAS WINGS","Las Vegas Aces",2533
2021,2021-07-11,"NEW YORK LIBERTY","Connecticut Sun",1988
2021,2021-07-11,"ATLANTA DREAM","Indiana Fever",1897
2021,2021-07-11,"SEATTLE STORM","Phoenix Mercury",5110
2021,2021-07-11,"LOS ANGELES SPARKS","Minnesota Lynx",892
2021,2021-08-15,"CHICAGO SKY","Seattle Storm",6231
2021,2021-08-15,"DALLAS WINGS","Connecticut Sun",2399
2021,2021-08-15,"LAS VEGAS ACES","Washington Mystics",3024
2021,2021-08-15,"PHOENIX MERCURY","Atlanta Dream",7491
2021,2021-08-15,"MINNESOTA LYNX","New York Liberty",3534
2021,2021-08-15,"LOS ANGELES SPARKS","Indiana Fever",2029
2021,2021-08-17,"CONNECTICUT SUN","Minnesota Lynx",3488
2021,2021-08-17,"CHICAGO SKY","Dallas Wings",3902
2021,2021-08-17,"LAS VEGAS ACES","Washington Mystics",3241
2021,2021-08-17,"PHOENIX MERCURY","Indiana Fever",4089
2021,2021-08-17,"LOS ANGELES SPARKS","Atlanta Dream",2200
2021,2021-08-18,"NEW YORK LIBERTY","Seattle Storm",2103
2021,2021-08-19,"CONNECTICUT SUN","Minnesota Lynx",3536
2021,2021-08-19,"PHOENIX MERCURY","Washington Mystics",5113
2021,2021-08-19,"LOS ANGELES SPARKS","Atlanta Dream",1885
2021,2021-08-20,"NEW YORK LIBERTY","Seattle Storm",3889
2021,2021-08-20,"DALLAS WINGS","Indiana Fever",2017
2021,2021-08-21,"ATLANTA DREAM","Phoenix Mercury",2073
2021,2021-08-21,"CHICAGO SKY","Minnesota Lynx",5036
2021,2021-08-22,"NEW YORK LIBERTY","Los Angeles Sparks",0
2021,2021-08-22,"WASHINGTON MYSTICS","Seattle Storm",3114
2021,2021-08-24,"MINNESOTA LYNX","Seattle Storm",3634
2021,2021-08-24,"ATLANTA DREAM","Chicago Sky",1292
2021,2021-08-24,"CONNECTICUT SUN","Las Vegas Aces",4012
2021,2021-08-24,"WASHINGTON MYSTICS","Los Angeles Sparks",2620
2021,2021-08-25,"NEW YORK LIBERTY","Phoenix Mercury",1872
2021,2021-08-26,"ATLANTA DREAM","Las Vegas Aces",2182
2021,2021-08-26,"CONNECTICUT SUN","Los Angeles Sparks",3702
2021,2021-08-26,"WASHINGTON MYSTICS","Dallas Wings",2465
2021,2021-08-27,"NEW YORK LIBERTY","Phoenix Mercury",2315
2021,2021-08-27,"SEATTLE STORM","Chicago Sky",3650
2021,2021-08-28,"CONNECTICUT SUN","Los Angeles Sparks",4434
2021,2021-08-28,"WASHINGTON MYSTICS","Dallas Wings",2410
2021,2021-08-29,"SEATTLE STORM","Chicago Sky",3750
2021,2021-08-31,"WASHINGTON MYSTICS","Connecticut Sun",2269
2021,2021-08-31,"MINNESOTA LYNX","New York Liberty",3221
2021,2021-08-31,"PHOENIX MERCURY","Chicago Sky",5838
2021,2021-09-02,"DALLAS WINGS","Atlanta Dream",1975
2021,2021-09-02,"MINNESOTA LYNX","Los Angeles Sparks",3121
2021,2021-09-02,"LAS VEGAS ACES","Chicago Sky",5150
2021,2021-09-02,"SEATTLE STORM","New York Liberty",3592
2021,2021-09-04,"MINNESOTA LYNX","Washington Mystics",3403
2021,2021-09-05,"CHICAGO SKY","Las Vegas Aces",5210
2021,2021-09-05,"DALLAS WINGS","Atlanta Dream",2386
2021,2021-09-07,"DALLAS WINGS","Connecticut Sun",1945
2021,2021-09-07,"SEATTLE STORM","Washington Mystics",2390
2021,2021-09-08,"ATLANTA DREAM","Phoenix Mercury",1215
2021,2021-09-08,"LAS VEGAS ACES","Minnesota Lynx",5663
2021,2021-09-09,"LOS ANGELES SPARKS","Connecticut Sun",1695
2021,2021-09-10,"WASHINGTON MYSTICS","Atlanta Dream",2320
2021,2021-09-10,"MINNESOTA LYNX","Indiana Fever",3503
2021,2021-09-11,"DALLAS WINGS","New York Liberty",2888
2021,2021-09-11,"PHOENIX MERCURY","Connecticut Sun",9811
2021,2021-09-12,"CHICAGO SKY","Washington Mystics",4707
2021,2021-09-12,"MINNESOTA LYNX","Indiana Fever",3434
2021,2021-09-12,"LOS ANGELES SPARKS","Seattle Storm",4181
2021,2021-09-13,"LAS VEGAS ACES","Dallas Wings",4845
2021,2021-09-14,"ATLANTA DREAM","Indiana Fever",1208
2021,2021-09-15,"CONNECTICUT SUN","New York Liberty",4012
2021,2021-09-16,"ATLANTA DREAM","Los Angeles Sparks",2537
2021,2021-09-17,"NEW YORK LIBERTY","Washington Mystics",3615
2021,2021-09-17,"CHICAGO SKY","Las Vegas Aces",4911
2021,2021-09-17,"SEATTLE STORM","Phoenix Mercury",6000
2021,2021-09-19,"CONNECTICUT SUN","Atlanta Dream",4724
2021,2021-09-19,"PHOENIX MERCURY","Las Vegas Aces",9724
2021,2021-09-19,"WASHINGTON MYSTICS","Minnesota Lynx",2854
2021,2021-09-19,"DALLAS WINGS","Los Angeles Sparks",3604
2022,2022-05-06,"WASHINGTON MYSTICS","Indiana Fever",4200
2022,2022-05-06,"CHICAGO SKY","Los Angeles Sparks",8111
2022,2022-05-06,"PHOENIX MERCURY","Las Vegas Aces",7167
2022,2022-05-06,"SEATTLE STORM","Minnesota Lynx",12904
2022,2022-05-07,"NEW YORK LIBERTY","Connecticut Sun",6829
2022,2022-05-07,"DALLAS WINGS","Atlanta Dream",5796
2022,2022-05-08,"INDIANA FEVER","Los Angeles Sparks",2545
2022,2022-05-08,"MINNESOTA LYNX","Washington Mystics",8134
2022,2022-05-08,"LAS VEGAS ACES","Seattle Storm",6212
2022,2022-05-10,"WASHINGTON MYSTICS","Las Vegas Aces",3082
2022,2022-05-10,"INDIANA FEVER","Minnesota Lynx",1078
2022,2022-05-11,"ATLANTA DREAM","Los Angeles Sparks",3138
2022,2022-05-11,"CHICAGO SKY","New York Liberty",4935
2022,2022-05-11,"PHOENIX MERCURY","Seattle Storm",6098
2022,2022-05-13,"WASHINGTON MYSTICS","Dallas Wings",3281
2022,2022-05-13,"ATLANTA DREAM","Las Vegas Aces",3138
2022,2022-05-13,"NEW YORK LIBERTY","Indiana Fever",3289
2022,2022-05-14,"SEATTLE STORM","Phoenix Mercury",12453
2022,2022-05-14,"CONNECTICUT SUN","Los Angeles Sparks",5624
2022,2022-05-14,"MINNESOTA LYNX","Chicago Sky",6503
2022,2022-05-15,"NEW YORK LIBERTY","Dallas Wings",3095
2022,2022-05-15,"INDIANA FEVER","Atlanta Dream",1745
2022,2022-05-17,"NEW YORK LIBERTY","Connecticut Sun",3054
2022,2022-05-17,"INDIANA FEVER","Atlanta Dream",960
2022,2022-05-17,"DALLAS WINGS","Washington Mystics",3035
2022,2022-05-17,"LAS VEGAS ACES","Phoenix Mercury",2536
2022,2022-05-17,"LOS ANGELES SPARKS","Minnesota Lynx",4701
2022,2022-05-18,"SEATTLE STORM","Chicago Sky",7450
2022,2022-05-19,"LAS VEGAS ACES","Minnesota Lynx",3640
2022,2022-05-19,"PHOENIX MERCURY","Dallas Wings",6151
2022,2022-05-20,"CONNECTICUT SUN","Indiana Fever",4428
2022,2022-05-20,"ATLANTA DREAM","Washington Mystics",2237
2022,2022-05-20,"SEATTLE STORM","Los Angeles Sparks",10103
2022,2022-05-21,"LAS VEGAS ACES","Phoenix Mercury",5572
2022,2022-05-21,"DALLAS WINGS","Minnesota Lynx",3813
2022,2022-05-22,"INDIANA FEVER","Connecticut Sun",2612
2022,2022-05-22,"WASHINGTON MYSTICS","Chicago Sky",4200
2022,2022-05-23,"LAS VEGAS ACES","Los Angeles Sparks",4092
2022,2022-05-24,"CONNECTICUT SUN","Dallas Wings",4180
2022,2022-05-24,"WASHINGTON MYSTICS","Atlanta Dream",2687
2022,2022-05-24,"CHICAGO SKY","Indiana Fever",7741
2022,2022-05-24,"MINNESOTA LYNX","New York Liberty",6104
2022,2022-05-25,"LOS ANGELES SPARKS","Phoenix Mercury",4020
2022,2022-05-26,"CONNECTICUT SUN","Dallas Wings",4308
2022,2022-05-27,"INDIANA FEVER","Los Angeles Sparks",1417
2022,2022-05-27,"SEATTLE STORM","New York Liberty",10001
2022,2022-05-28,"CHICAGO SKY","Las Vegas Aces",6812
2022,2022-05-28,"CONNECTICUT SUN","Washington Mystics",5482
2022,2022-05-29,"ATLANTA DREAM","Phoenix Mercury",3138
2022,2022-05-29,"SEATTLE STORM","New York Liberty",10228
2022,2022-05-29,"MINNESOTA LYNX","Los Angeles Sparks",7234
2022,2022-05-31,"INDIANA FEVER","Washington Mystics",1009
2022,2022-05-31,"CHICAGO SKY","Phoenix Mercury",5133
2022,2022-05-31,"LAS VEGAS ACES","Connecticut Sun",4693
2022,2022-05-31,"LOS ANGELES SPARKS","Dallas Wings",4852
2022,2022-06-01,"ATLANTA DREAM","Minnesota Lynx",1268
2022,2022-06-01,"NEW YORK LIBERTY","Indiana Fever",4079
2022,2022-06-02,"LAS VEGAS ACES","Connecticut Sun",3801
2022,2022-06-03,"WASHINGTON MYSTICS","New York Liberty",3857
2022,2022-06-03,"ATLANTA DREAM","Chicago Sky",3138
2022,2022-06-03,"PHOENIX MERCURY","Connecticut Sun",7180
2022,2022-06-03,"SEATTLE STORM","Dallas Wings",8023
2022,2022-06-05,"NEW YORK LIBERTY","Minnesota Lynx",4119
2022,2022-06-05,"ATLANTA DREAM","Indiana Fever",3000
2022,2022-06-05,"CHICAGO SKY","Washington Mystics",6228
2022,2022-06-05,"LAS VEGAS ACES","Dallas Wings",4814
2022,2022-06-05,"PHOENIX MERCURY","Los Angeles Sparks",10151
2022,2022-06-05,"SEATTLE STORM","Connecticut Sun",11330
2022,2022-06-07,"NEW YORK LIBERTY","Minnesota Lynx",3196
2022,2022-06-07,"SEATTLE STORM","Atlanta Dream",7262
2022,2022-06-08,"CONNECTICUT SUN","Indiana Fever",4088
2022,2022-06-08,"WASHINGTON MYSTICS","Chicago Sky",2984
2022,2022-06-10,"CONNECTICUT SUN","Chicago Sky",4816
2022,2022-06-10,"INDIANA FEVER","New York Liberty",1393
2022,2022-06-10,"DALLAS WINGS","Seattle Storm",3292
2022,2022-06-10,"MINNESOTA LYNX","Washington Mystics",6315
2022,2022-06-10,"PHOENIX MERCURY","Atlanta Dream",7650
2022,2022-06-11,"LOS ANGELES SPARKS","Las Vegas Aces",8200
2022,2022-06-12,"NEW YORK LIBERTY","Chicago Sky",4810
2022,2022-06-12,"DALLAS WINGS","Seattle Storm",3273
2022,2022-06-12,"WASHINGTON MYSTICS","Phoenix Mercury",4200
2022,2022-06-12,"MINNESOTA LYNX","Indiana Fever",6806
2022,2022-06-14,"WASHINGTON MYSTICS","Phoenix Mercury",3088
2022,2022-06-14,"MINNESOTA LYNX","Seattle Storm",6031
2022,2022-06-15,"DALLAS WINGS","Las Vegas Aces",4375
2022,2022-06-15,"CONNECTICUT SUN","Atlanta Dream",4014
2022,2022-06-15,"INDIANA FEVER","Phoenix Mercury",1824
2022,2022-06-16,"NEW YORK LIBERTY","Washington Mystics",4168
2022,2022-06-17,"CONNECTICUT SUN","Seattle Storm",7088
2022,2022-06-17,"DALLAS WINGS","Phoenix Mercury",3140
2022,2022-06-17,"CHICAGO SKY","Atlanta Dream",7435
2022,2022-06-19,"NEW YORK LIBERTY","Seattle Storm",6859
2022,2022-06-19,"WASHINGTON MYSTICS","Connecticut Sun",3959
2022,2022-06-19,"INDIANA FEVER","Chicago Sky",1706
2022,2022-06-19,"DALLAS WINGS","Los Angeles Sparks",3779
2022,2022-06-19,"LAS VEGAS ACES","Minnesota Lynx",4603
2022,2022-06-21,"ATLANTA DREAM","Dallas Wings",2012
2022,2022-06-21,"LAS VEGAS ACES","Chicago Sky",4951
2022,2022-06-21,"PHOENIX MERCURY","Minnesota Lynx",6394
2022,2022-06-21,"LOS ANGELES SPARKS","Washington Mystics",3745
2022,2022-06-22,"CONNECTICUT SUN","New York Liberty",4652
2022,2022-06-23,"DALLAS WINGS","Indiana Fever",2791
2022,2022-06-23,"MINNESOTA LYNX","Phoenix Mercury",8004
2022,2022-06-23,"SEATTLE STORM","Washington Mystics",9884
2022,2022-06-23,"LOS ANGELES SPARKS","Chicago Sky",5627
2022,2022-06-24,"ATLANTA DREAM","New York Liberty",2697
2022,2022-06-25,"DALLAS WINGS","Phoenix Mercury",4240
2022,2022-06-25,"SEATTLE STORM","Los Angeles Sparks",9955
2022,2022-06-25,"LAS VEGAS ACES","Washington Mystics",7171
2022,2022-06-26,"ATLANTA DREAM","Connecticut Sun",2722
2022,2022-06-26,"CHICAGO SKY","Minnesota Lynx",7022
2022,2022-06-27,"PHOENIX MERCURY","Indiana Fever",5044
2022,2022-06-27,"LOS ANGELES SPARKS","Las Vegas Aces",4200
2022,2022-06-28,"WASHINGTON MYSTICS","Atlanta Dream",3517
2022,2022-06-28,"MINNESOTA LYNX","Dallas Wings",5603
2022,2022-06-29,"CHICAGO SKY","Connecticut Sun",6709
2022,2022-06-29,"PHOENIX MERCURY","Indiana Fever",5833
2022,2022-06-29,"SEATTLE STORM","Las Vegas Aces",9499
2022,2022-06-30,"NEW YORK LIBERTY","Atlanta Dream",6161
2022,2022-07-01,"DALLAS WINGS","Los Angeles Sparks",3187
2022,2022-07-01,"MINNESOTA LYNX","Las Vegas Aces",6104
2022,2022-07-01,"SEATTLE STORM","Indiana Fever",8565
2022,2022-07-02,"CHICAGO SKY","Phoenix Mercury",8028
2022,2022-07-03,"CONNECTICUT SUN","Washington Mystics",5814
2022,2022-07-03,"ATLANTA DREAM","Seattle Storm",3138
2022,2022-07-03,"LOS ANGELES SPARKS","New York Liberty",5436
2022,2022-07-03,"MINNESOTA LYNX","Las Vegas Aces",7603
2022,2022-07-04,"LOS ANGELES SPARKS","Phoenix Mercury",3340
2022,2022-07-05,"INDIANA FEVER","Seattle Storm",2585
2022,2022-07-05,"DALLAS WINGS","Connecticut Sun",3445
2022,2022-07-06,"MINNESOTA LYNX","Chicago Sky",11103
2022,2022-07-06,"ATLANTA DREAM","Washington Mystics",1810
2022,2022-07-06,"LAS VEGAS ACES","New York Liberty",8405
2022,2022-07-07,"INDIANA FEVER","Chicago Sky",1839
2022,2022-07-07,"PHOENIX MERCURY","New York Liberty",6158
2022,2022-07-07,"LOS ANGELES SPARKS","Seattle Storm",6389
2022,2022-07-12,"SEATTLE STORM","Dallas Wings",9486
2022,2022-07-12,"NEW YORK LIBERTY","Las Vegas Aces",5201
2022,2022-07-12,"CHICAGO SKY","Atlanta Dream",7074
2022,2022-07-12,"MINNESOTA LYNX","Phoenix Mercury",6503
2022,2022-07-12,"LOS ANGELES SPARKS","Washington Mystics",5004
2022,2022-07-13,"INDIANA FEVER","Connecticut Sun",3212
2022,2022-07-14,"NEW YORK LIBERTY","Las Vegas Aces",9896
2022,2022-07-14,"MINNESOTA LYNX","Dallas Wings",4834
2022,2022-07-14,"PHOENIX MERCURY","Washington Mystics",5994
2022,2022-07-14,"LOS ANGELES SPARKS","Chicago Sky",5856
2022,2022-07-15,"INDIANA FEVER","Minnesota Lynx",1530
2022,2022-07-15,"ATLANTA DREAM","Connecticut Sun",2962
2022,2022-07-16,"DALLAS WINGS","Chicago Sky",5126
2022,2022-07-17,"CONNECTICUT SUN","Las Vegas Aces",6814
2022,2022-07-17,"WASHINGTON MYSTICS","Minnesota Lynx",4200
2022,2022-07-17,"PHOENIX MERCURY","Atlanta Dream",7963
2022,2022-07-17,"SEATTLE STORM","Indiana Fever",9970
2022,2022-07-19,"CONNECTICUT SUN","New York Liberty",6288
2022,2022-07-19,"LAS VEGAS ACES","Atlanta Dream",5952
2022,2022-07-19,"LOS ANGELES SPARKS","Indiana Fever",5478
2022,2022-07-20,"CHICAGO SKY","Seattle Storm",8893
2022,2022-07-21,"WASHINGTON MYSTICS","New York Liberty",7431
2022,2022-07-21,"LOS ANGELES SPARKS","Atlanta Dream",10021
2022,2022-07-21,"LAS VEGAS ACES","Indiana Fever",5737
2022,2022-07-22,"MINNESOTA LYNX","Connecticut Sun",8321
2022,2022-07-22,"CHICAGO SKY","Dallas Wings",7014
2022,2022-07-22,"PHOENIX MERCURY","Seattle Storm",14162
2022,2022-07-23,"NEW YORK LIBERTY","Chicago Sky",6926
2022,2022-07-23,"LAS VEGAS ACES","Los Angeles Sparks",7522
2022,2022-07-24,"INDIANA FEVER","Dallas Wings",1159
2022,2022-07-24,"SEATTLE STORM","Atlanta Dream",12654
2022,2022-07-24,"MINNESOTA LYNX","Connecticut Sun",7231
2022,2022-07-28,"ATLANTA DREAM","Minnesota Lynx",2396
2022,2022-07-28,"CONNECTICUT SUN","Seattle Storm",9137
2022,2022-07-28,"DALLAS WINGS","Washington Mystics",4382
2022,2022-07-28,"PHOENIX MERCURY","Los Angeles Sparks",8124
2022,2022-07-29,"INDIANA FEVER","Las Vegas Aces",1828
2022,2022-07-29,"CHICAGO SKY","New York Liberty",6924
2022,2022-07-30,"WASHINGTON MYSTICS","Seattle Storm",4200
2022,2022-07-30,"ATLANTA DREAM","Dallas Wings",3138
2022,2022-07-31,"CONNECTICUT SUN","Chicago Sky",6254
2022,2022-07-31,"NEW YORK LIBERTY","Phoenix Mercury",6433
2022,2022-07-31,"INDIANA FEVER","Las Vegas Aces",1822
2022,2022-07-31,"WASHINGTON MYSTICS","Seattle Storm",4200
2022,2022-07-31,"LOS ANGELES SPARKS","Minnesota Lynx",6857
2022,2022-08-02,"CONNECTICUT SUN","Phoenix Mercury",6130
2022,2022-08-02,"NEW YORK LIBERTY","Los Angeles Sparks",4891
2022,2022-08-02,"WASHINGTON MYSTICS","Las Vegas Aces",4200
2022,2022-08-02,"CHICAGO SKY","Dallas Wings",5602
2022,2022-08-03,"ATLANTA DREAM","Indiana Fever",2071
2022,2022-08-03,"NEW YORK LIBERTY","Los Angeles Sparks",5315
2022,2022-08-03,"SEATTLE STORM","Minnesota Lynx",13500
2022,2022-08-04,"CONNECTICUT SUN","Phoenix Mercury",6215
2022,2022-08-04,"DALLAS WINGS","Las Vegas Aces",3492
2022,2022-08-05,"ATLANTA DREAM","Los Angeles Sparks",3138
2022,2022-08-05,"CHICAGO SKY","Washington Mystics",8042
2022,2022-08-06,"DALLAS WINGS","Indiana Fever",4184
2022,2022-08-06,"PHOENIX MERCURY","New York Liberty",11724
2022,2022-08-07,"CHICAGO SKY","Connecticut Sun",8224
2022,2022-08-07,"WASHINGTON MYSTICS","Los Angeles Sparks",4200
2022,2022-08-07,"SEATTLE STORM","Las Vegas Aces",18100
2022,2022-08-07,"MINNESOTA LYNX","Atlanta Dream",9421
2022,2022-08-08,"DALLAS WINGS","New York Liberty",3036
2022,2022-08-09,"CHICAGO SKY","Seattle Storm",9314
2022,2022-08-09,"LAS VEGAS ACES","Atlanta Dream",5151
2022,2022-08-09,"LOS ANGELES SPARKS","Connecticut Sun",5789
2022,2022-08-10,"DALLAS WINGS","New York Liberty",3795
2022,2022-08-10,"PHOENIX MERCURY","Minnesota Lynx",7307
2022,2022-08-11,"LAS VEGAS ACES","Chicago Sky",6055
2022,2022-08-11,"LOS ANGELES SPARKS","Connecticut Sun",4987
2022,2022-08-12,"INDIANA FEVER","Washington Mystics",1700
2022,2022-08-12,"ATLANTA DREAM","New York Liberty",3138
2022,2022-08-12,"MINNESOTA LYNX","Seattle Storm",12134
2022,2022-08-12,"PHOENIX MERCURY","Dallas Wings",8047
2022,2022-08-14,"CONNECTICUT SUN","Minnesota Lynx",7489
2022,2022-08-14,"NEW YORK LIBERTY","Atlanta Dream",7561
2022,2022-08-14,"WASHINGTON MYSTICS","Indiana Fever",4200
2022,2022-08-14,"LAS VEGAS ACES","Seattle Storm",10015
2022,2022-08-14,"PHOENIX MERCURY","Chicago Sky",12383
2022,2022-08-14,"LOS ANGELES SPARKS","Dallas Wings",7245
2023,2023-05-19,"INDIANA FEVER","Connecticut Sun",7356
2023,2023-05-19,"WASHINGTON MYSTICS","New York Liberty",4200
2023,2023-05-19,"MINNESOTA LYNX","Chicago Sky",8024
2023,2023-05-19,"LOS ANGELES SPARKS","Phoenix Mercury",10396
2023,2023-05-20,"DALLAS WINGS","Atlanta Dream",5588
2023,2023-05-20,"SEATTLE STORM","Las Vegas Aces",11229
2023,2023-05-21,"CONNECTICUT SUN","Washington Mystics",7048
2023,2023-05-21,"NEW YORK LIBERTY","Indiana Fever",8575
2023,2023-05-21,"PHOENIX MERCURY","Chicago Sky",14040
2023,2023-05-23,"WASHINGTON MYSTICS","Connecticut Sun",3383
2023,2023-05-23,"MINNESOTA LYNX","Atlanta Dream",7803
2023,2023-05-25,"LOS ANGELES SPARKS","Las Vegas Aces",7314
2023,2023-05-25,"PHOENIX MERCURY","Minnesota Lynx",6057
2023,2023-05-26,"CHICAGO SKY","Washington Mystics",7304
2023,2023-05-26,"SEATTLE STORM","Dallas Wings",8277
2023,2023-05-27,"NEW YORK LIBERTY","Connecticut Sun",7102
2023,2023-05-27,"LAS VEGAS ACES","Los Angeles Sparks",10191
2023,2023-05-28,"ATLANTA DREAM","Indiana Fever",3209
2023,2023-05-28,"CHICAGO SKY","Dallas Wings",6042
2023,2023-05-28,"LAS VEGAS ACES","Minnesota Lynx",7970
2023,2023-05-30,"ATLANTA DREAM","Chicago Sky",2562
2023,2023-05-30,"CONNECTICUT SUN","Indiana Fever",5317
2023,2023-05-30,"DALLAS WINGS","Minnesota Lynx",3484
2023,2023-05-30,"SEATTLE STORM","New York Liberty",8340
2023,2023-06-01,"MINNESOTA LYNX","Connecticut Sun",8124
2023,2023-06-02,"CHICAGO SKY","New York Liberty",7188
2023,2023-06-02,"WASHINGTON MYSTICS","Dallas Wings",3294
2023,2023-06-02,"ATLANTA DREAM","Las Vegas Aces",3209
2023,2023-06-02,"PHOENIX MERCURY","Los Angeles Sparks",8815
2023,2023-06-03,"WASHINGTON MYSTICS","Minnesota Lynx",3534
2023,2023-06-03,"LOS ANGELES SPARKS","Seattle Storm",6866
2023,2023-06-04,"CONNECTICUT SUN","Dallas Wings",5012
2023,2023-06-04,"NEW YORK LIBERTY","Chicago Sky",7225
2023,2023-06-04,"INDIANA FEVER","Las Vegas Aces",6131
2023,2023-06-06,"CONNECTICUT SUN","Las Vegas Aces",4368
2023,2023-06-06,"CHICAGO SKY","Indiana Fever",5201
2023,2023-06-06,"SEATTLE STORM","Los Angeles Sparks",7840
2023,2023-06-07,"DALLAS WINGS","Phoenix Mercury",4242
2023,2023-06-08,"CONNECTICUT SUN","Las Vegas Aces",5147
2023,2023-06-09,"ATLANTA DREAM","New York Liberty",3209
2023,2023-06-09,"DALLAS WINGS","Phoenix Mercury",6251
2023,2023-06-09,"MINNESOTA LYNX","Indiana Fever",8510
2023,2023-06-09,"LOS ANGELES SPARKS","Chicago Sky",5431
2023,2023-06-09,"SEATTLE STORM","Washington Mystics",8397
2023,2023-06-11,"NEW YORK LIBERTY","Dallas Wings",7615
2023,2023-06-11,"LAS VEGAS ACES","Chicago Sky",9786
2023,2023-06-11,"SEATTLE STORM","Washington Mystics",13213
2023,2023-06-11,"ATLANTA DREAM","Connecticut Sun",2690
2023,2023-06-11,"INDIANA FEVER","Phoenix Mercury",5013
2023,2023-06-11,"MINNESOTA LYNX","Los Angeles Sparks",8025
2023,2023-06-13,"INDIANA FEVER","Washington Mystics",3005
2023,2023-06-13,"NEW YORK LIBERTY","Atlanta Dream",5719
2023,2023-06-13,"PHOENIX MERCURY","Seattle Storm",7044
2023,2023-06-14,"DALLAS WINGS","Los Angeles Sparks",5807
2023,2023-06-15,"CONNECTICUT SUN","Atlanta Dream",4316
2023,2023-06-15,"CHICAGO SKY","Indiana Fever",6323
2023,2023-06-15,"LAS VEGAS ACES","Seattle Storm",8518
2023,2023-06-16,"WASHINGTON MYSTICS","Phoenix Mercury",4200
2023,2023-06-16,"LOS ANGELES SPARKS","Minnesota Lynx",5265
2023,2023-06-17,"DALLAS WINGS","Seattle Storm",5020
2023,2023-06-18,"NEW YORK LIBERTY","Phoenix Mercury",9278
2023,2023-06-18,"WASHINGTON MYSTICS","Chicago Sky",4009
2023,2023-06-18,"INDIANA FEVER","Atlanta Dream",4024
2023,2023-06-18,"LOS ANGELES SPARKS","Connecticut Sun",6289
2023,2023-06-18,"LAS VEGAS ACES","Minnesota Lynx",8036
2023,2023-06-20,"DALLAS WINGS","Atlanta Dream",3392
2023,2023-06-20,"LOS ANGELES SPARKS","Minnesota Lynx",4180
2023,2023-06-20,"SEATTLE STORM","Connecticut Sun",7022
2023,2023-06-21,"PHOENIX MERCURY","Las Vegas Aces",11580
2023,2023-06-22,"CHICAGO SKY","Washington Mystics",6158
2023,2023-06-22,"MINNESOTA LYNX","Connecticut Sun",7024
2023,2023-06-22,"SEATTLE STORM","Indiana Fever",7734
2023,2023-06-23,"ATLANTA DREAM","New York Liberty",3209
2023,2023-06-23,"LOS ANGELES SPARKS","Dallas Wings",5766
2023,2023-06-24,"LAS VEGAS ACES","Indiana Fever",8310
2023,2023-06-24,"SEATTLE STORM","Phoenix Mercury",9122
2023,2023-06-25,"CONNECTICUT SUN","Chicago Sky",6517
2023,2023-06-25,"NEW YORK LIBERTY","Washington Mystics",7285
2023,2023-06-25,"LOS ANGELES SPARKS","Dallas Wings",6380
2023,2023-06-26,"LAS VEGAS ACES","Indiana Fever",8143
2023,2023-06-27,"CONNECTICUT SUN","New York Liberty",7344
2023,2023-06-27,"MINNESOTA LYNX","Seattle Storm",7014
2023,2023-06-27,"PHOENIX MERCURY","Dallas Wings",5652
2023,2023-06-28,"CHICAGO SKY","Los Angeles Sparks",8810
2023,2023-06-28,"WASHINGTON MYSTICS","Atlanta Dream",3624
2023,2023-06-29,"LAS VEGAS ACES","New York Liberty",9587
2023,2023-06-29,"PHOENIX MERCURY","Indiana Fever",9047
2023,2023-06-29,"SEATTLE STORM","Minnesota Lynx",6894
2023,2023-06-30,"ATLANTA DREAM","Washington Mystics",3209
2023,2023-06-30,"CHICAGO SKY","Los Angeles Sparks",7272
2023,2023-07-01,"LAS VEGAS ACES","Connecticut Sun",8596
2023,2023-07-01,"PHOENIX MERCURY","Minnesota Lynx",8777
2023,2023-07-02,"ATLANTA DREAM","Los Angeles Sparks",3209
2023,2023-07-02,"DALLAS WINGS","Washington Mystics",4544
2023,2023-07-02,"INDIANA FEVER","Chicago Sky",4004
2023,2023-07-02,"SEATTLE STORM","New York Liberty",9110
2023,2023-07-05,"NEW YORK LIBERTY","Phoenix Mercury",7151
2023,2023-07-05,"MINNESOTA LYNX","Indiana Fever",7624
2023,2023-07-05,"LAS VEGAS ACES","Dallas Wings",10177
2023,2023-07-05,"LOS ANGELES SPARKS","Atlanta Dream",5912
2023,2023-07-06,"CONNECTICUT SUN","Seattle Storm",5479
2023,2023-07-07,"WASHINGTON MYSTICS","Indiana Fever",4200
2023,2023-07-07,"CHICAGO SKY","Atlanta Dream",7911
2023,2023-07-07,"DALLAS WINGS","Las Vegas Aces",6251
2023,2023-07-07,"MINNESOTA LYNX","Phoenix Mercury",7714
2023,2023-07-08,"NEW YORK LIBERTY","Seattle Storm",6789
2023,2023-07-09,"CONNECTICUT SUN","Washington Mystics",6558
2023,2023-07-09,"INDIANA FEVER","Dallas Wings",3612
2023,2023-07-09,"PHOENIX MERCURY","Los Angeles Sparks",9206
2023,2023-07-09,"MINNESOTA LYNX","Las Vegas Aces",7701
2023,2023-07-09,"CHICAGO SKY","Atlanta Dream",7325
2023,2023-07-11,"WASHINGTON MYSTICS","Seattle Storm",3571
2023,2023-07-11,"LAS VEGAS ACES","Phoenix Mercury",10281
2023,2023-07-12,"INDIANA FEVER","New York Liberty",6123
2023,2023-07-12,"CHICAGO SKY","Connecticut Sun",9025
2023,2023-07-12,"MINNESOTA LYNX","Dallas Wings",13531
2023,2023-07-12,"ATLANTA DREAM","Seattle Storm",2546
2023,2023-07-12,"LOS ANGELES SPARKS","Las Vegas Aces",8085
2023,2023-07-18,"ATLANTA DREAM","Minnesota Lynx",2394
2023,2023-07-18,"PHOENIX MERCURY","Connecticut Sun",7788
2023,2023-07-19,"WASHINGTON MYSTICS","Indiana Fever",14406
2023,2023-07-19,"NEW YORK LIBERTY","Dallas Wings",9012
2023,2023-07-20,"CONNECTICUT SUN","Atlanta Dream",8054
2023,2023-07-20,"MINNESOTA LYNX","Los Angeles Sparks",7014
2023,2023-07-20,"PHOENIX MERCURY","Chicago Sky",11292
2023,2023-07-20,"SEATTLE STORM","Las Vegas Aces",7873
2023,2023-07-21,"WASHINGTON MYSTICS","New York Liberty",4200
2023,2023-07-22,"ATLANTA DREAM","Connecticut Sun",3209
2023,2023-07-22,"MINNESOTA LYNX","Las Vegas Aces",7801
2023,2023-07-22,"DALLAS WINGS","Los Angeles Sparks",5041
2023,2023-07-22,"SEATTLE STORM","Chicago Sky",8655
2023,2023-07-23,"WASHINGTON MYSTICS","Phoenix Mercury",4200
2023,2023-07-23,"NEW YORK LIBERTY","Indiana Fever",7371
2023,2023-07-25,"ATLANTA DREAM","Phoenix Mercury",3209
2023,2023-07-25,"NEW YORK LIBERTY","Seattle Storm",6118
2023,2023-07-25,"CHICAGO SKY","Las Vegas Aces",9025
2023,2023-07-25,"DALLAS WINGS","Connecticut Sun",4222
2023,2023-07-25,"LOS ANGELES SPARKS","Indiana Fever",5565
2023,2023-07-26,"MINNESOTA LYNX","Washington Mystics",7024
2023,2023-07-27,"LOS ANGELES SPARKS","Indiana Fever",11970
2023,2023-07-27,"NEW YORK LIBERTY","Atlanta Dream",6206
2023,2023-07-28,"CHICAGO SKY","Seattle Storm",7213
2023,2023-07-28,"DALLAS WINGS","Washington Mystics",4048
2023,2023-07-28,"NEW YORK LIBERTY","Minnesota Lynx",6129
2023,2023-07-30,"CONNECTICUT SUN","Minnesota Lynx",8275
2023,2023-07-30,"ATLANTA DREAM","Washington Mystics",3209
2023,2023-07-30,"INDIANA FEVER","Seattle Storm",5196
2023,2023-07-30,"CHICAGO SKY","Phoenix Mercury",8914
2023,2023-07-30,"LOS ANGELES SPARKS","New York Liberty",8139
2023,2023-07-30,"LAS VEGAS ACES","Dallas Wings",10213
2023,2023-08-01,"CONNECTICUT SUN","Minnesota Lynx",4894
2023,2023-08-01,"INDIANA FEVER","Phoenix Mercury",3018
2023,2023-08-01,"LAS VEGAS ACES","Atlanta Dream",8366
2023,2023-08-01,"LOS ANGELES SPARKS","New York Liberty",6498
2023,2023-08-02,"SEATTLE STORM","Dallas Wings",7421
2023,2023-08-03,"PHOENIX MERCURY","Atlanta Dream",7564
2023,2023-08-04,"INDIANA FEVER","Connecticut Sun",3498
2023,2023-08-04,"WASHINGTON MYSTICS","Los Angeles Sparks",3747
2023,2023-08-04,"DALLAS WINGS","Chicago Sky",3762
2023,2023-08-04,"MINNESOTA LYNX","New York Liberty",7631
2023,2023-08-05,"PHOENIX MERCURY","Seattle Storm",9411
2023,2023-08-06,"ATLANTA DREAM","Indiana Fever",3209
2023,2023-08-06,"NEW YORK LIBERTY","Las Vegas Aces",11418
2023,2023-08-06,"WASHINGTON MYSTICS","Los Angeles Sparks",4073
2023,2023-08-06,"DALLAS WINGS","Chicago Sky",4057
2023,2023-08-08,"SEATTLE STORM","Connecticut Sun",10212
2023,2023-08-08,"INDIANA FEVER","Los Angeles Sparks",3006
2023,2023-08-08,"CHICAGO SKY","Minnesota Lynx",5099
2023,2023-08-08,"DALLAS WINGS","Las Vegas Aces",5193
2023,2023-08-08,"PHOENIX MERCURY","Washington Mystics",6610
2023,2023-08-10,"INDIANA FEVER","Minnesota Lynx",2551
2023,2023-08-10,"PHOENIX MERCURY","Connecticut Sun",7186
2023,2023-08-10,"SEATTLE STORM","Atlanta Dream",7649
2023,2023-08-11,"NEW YORK LIBERTY","Chicago Sky",8070
2023,2023-08-11,"LAS VEGAS ACES","Washington Mystics",9364
2023,2023-08-12,"LOS ANGELES SPARKS","Atlanta Dream",7119
2023,2023-08-12,"DALLAS WINGS","Connecticut Sun",4179
2023,2023-08-13,"WASHINGTON MYSTICS","Chicago Sky",3796
2023,2023-08-13,"INDIANA FEVER","New York Liberty",5019
2023,2023-08-13,"SEATTLE STORM","Phoenix Mercury",10107
2023,2023-08-13,"LAS VEGAS ACES","Atlanta Dream",8564
2023,2023-08-17,"LAS VEGAS ACES","New York Liberty",9230
2023,2023-08-18,"CONNECTICUT SUN","Dallas Wings",6584
2023,2023-08-18,"INDIANA FEVER","Washington Mystics",3506
2023,2023-08-18,"ATLANTA DREAM","Chicago Sky",2957
2023,2023-08-18,"PHOENIX MERCURY","New York Liberty",9652
2023,2023-08-18,"SEATTLE STORM","Minnesota Lynx",8865
2023,2023-08-19,"LAS VEGAS ACES","Los Angeles Sparks",10348
2023,2023-08-20,"WASHINGTON MYSTICS","Dallas Wings",4200
2023,2023-08-20,"CHICAGO SKY","Connecticut Sun",6901
2023,2023-08-20,"PHOENIX MERCURY","Indiana Fever",11807
2023,2023-08-20,"MINNESOTA LYNX","Seattle Storm",6525
2023,2023-08-22,"ATLANTA DREAM","Las Vegas Aces",3209
2023,2023-08-22,"WASHINGTON MYSTICS","Connecticut Sun",3058
2023,2023-08-22,"CHICAGO SKY","Seattle Storm",4822
2023,2023-08-22,"MINNESOTA LYNX","Dallas Wings",6921
2023,2023-08-23,"LOS ANGELES SPARKS","Phoenix Mercury",3469
2023,2023-08-24,"CONNECTICUT SUN","New York Liberty",9168
2023,2023-08-24,"INDIANA FEVER","Seattle Storm",2644
2023,2023-08-24,"CHICAGO SKY","Las Vegas Aces",8084
2023,2023-08-24,"DALLAS WINGS","Minnesota Lynx",3931
2023,2023-08-25,"ATLANTA DREAM","Los Angeles Sparks",2957
2023,2023-08-26,"WASHINGTON MYSTICS","Las Vegas Aces",4200
2023,2023-08-26,"MINNESOTA LYNX","New York Liberty",7101
2023,2023-08-27,"CONNECTICUT SUN","Los Angeles Sparks",6783
2023,2023-08-27,"INDIANA FEVER","Atlanta Dream",4034
2023,2023-08-27,"PHOENIX MERCURY","Dallas Wings",12163
2023,2023-08-27,"SEATTLE STORM","Chicago Sky",9893
2023,2023-08-28,"NEW YORK LIBERTY","Las Vegas Aces",11615
2023,2023-08-29,"ATLANTA DREAM","Phoenix Mercury",2785
2023,2023-08-29,"WASHINGTON MYSTICS","Minnesota Lynx",3708
2023,2023-08-29,"LOS ANGELES SPARKS","Chicago Sky",6041
2023,2023-08-31,"CONNECTICUT SUN","Phoenix Mercury",7794
2023,2023-08-31,"LAS VEGAS ACES","Washington Mystics",8619
2023,2023-08-31,"LOS ANGELES SPARKS","Seattle Storm",6101
2023,2023-09-01,"INDIANA FEVER","Dallas Wings",3137
2023,2023-09-01,"NEW YORK LIBERTY","Connecticut Sun",8276
2023,2023-09-01,"MINNESOTA LYNX","Atlanta Dream",7114
2023,2023-09-02,"LAS VEGAS ACES","Seattle Storm",9319
2023,2023-09-03,"CHICAGO SKY","New York Liberty",8223
2023,2023-09-03,"DALLAS WINGS","Indiana Fever",5058
2023,2023-09-03,"MINNESOTA LYNX","Phoenix Mercury",7314
2023,2023-09-03,"LOS ANGELES SPARKS","Washington Mystics",4284
2023,2023-09-05,"CONNECTICUT SUN","Los Angeles Sparks",4783
2023,2023-09-05,"INDIANA FEVER","Chicago Sky",2450
2023,2023-09-05,"DALLAS WINGS","New York Liberty",4195
2023,2023-09-05,"PHOENIX MERCURY","Washington Mystics",7038
2023,2023-09-06,"ATLANTA DREAM","Seattle Storm",2731
2023,2023-09-07,"NEW YORK LIBERTY","Los Angeles Sparks",6275
2023,2023-09-08,"CONNECTICUT SUN","Indiana Fever",5064
2023,2023-09-08,"WASHINGTON MYSTICS","Atlanta Dream",4210
2023,2023-09-08,"CHICAGO SKY","Minnesota Lynx",7994
2023,2023-09-08,"DALLAS WINGS","Seattle Storm",4546
2023,2023-09-08,"PHOENIX MERCURY","Las Vegas Aces",13206
2023,2023-09-10,"ATLANTA DREAM","Dallas Wings",3207
2023,2023-09-10,"CONNECTICUT SUN","Chicago Sky",6377
2023,2023-09-10,"INDIANA FEVER","Minnesota Lynx",4009
2023,2023-09-10,"NEW YORK LIBERTY","Washington Mystics",8306
2023,2023-09-10,"LAS VEGAS ACES","Phoenix Mercury",17406
2023,2023-09-10,"SEATTLE STORM","Los Angeles Sparks",10728
2024,2024-05-14,"WASHINGTON MYSTICS","New York Liberty",4200
2024,2024-05-14,"CONNECTICUT SUN","Indiana Fever",8910
2024,2024-05-14,"LAS VEGAS ACES","Phoenix Mercury",10419
2024,2024-05-14,"SEATTLE STORM","Minnesota Lynx",8508
2024,2024-05-15,"DALLAS WINGS","Chicago Sky",6251
2024,2024-05-15,"LOS ANGELES SPARKS","Atlanta Dream",3847
2024,2024-05-16,"INDIANA FEVER","New York Liberty",17274
2024,2024-05-17,"CONNECTICUT SUN","Washington Mystics",6874
2024,2024-05-17,"MINNESOTA LYNX","Seattle Storm",7208
2024,2024-05-18,"NEW YORK LIBERTY","Indiana Fever",17735
2024,2024-05-18,"LAS VEGAS ACES","Los Angeles Sparks",10286
2024,2024-05-18,"DALLAS WINGS","Chicago Sky",6251
2024,2024-05-18,"PHOENIX MERCURY","Atlanta Dream",10251
2024,2024-05-19,"WASHINGTON MYSTICS","Seattle Storm",4200
2024,2024-05-20,"INDIANA FEVER","Connecticut Sun",17274
2024,2024-05-20,"NEW YORK LIBERTY","Seattle Storm",9381
2024,2024-05-21,"ATLANTA DREAM","Dallas Wings",3265
2024,2024-05-21,"LAS VEGAS ACES","Phoenix Mercury",10374
2024,2024-05-21,"LOS ANGELES SPARKS","Washington Mystics",3627
2024,2024-05-22,"SEATTLE STORM","Indiana Fever",18343
2024,2024-05-23,"CONNECTICUT SUN","Minnesota Lynx",6152
2024,2024-05-23,"NEW YORK LIBERTY","Chicago Sky",12049
2024,2024-05-23,"PHOENIX MERCURY","Washington Mystics",7474
2024,2024-05-24,"LOS ANGELES SPARKS","Indiana Fever",19103
2024,2024-05-25,"MINNESOTA LYNX","New York Liberty",7010
2024,2024-05-25,"CHICAGO SKY","Connecticut Sun",9025
2024,2024-05-25,"LAS VEGAS ACES","Indiana Fever",10399
2024,2024-05-25,"SEATTLE STORM","Washington Mystics",8846
2024,2024-05-25,"PHOENIX MERCURY","Dallas Wings",8339
2024,2024-05-26,"ATLANTA DREAM","Minnesota Lynx",3265
2024,2024-05-26,"LOS ANGELES SPARKS","Dallas Wings",10340
2024,2024-05-28,"CONNECTICUT SUN","Phoenix Mercury",6489
2024,2024-05-28,"INDIANA FEVER","Los Angeles Sparks",16013
2024,2024-05-28,"CHICAGO SKY","Seattle Storm",7807
2024,2024-05-29,"NEW YORK LIBERTY","Phoenix Mercury",9182
2024,2024-05-29,"WASHINGTON MYSTICS","Atlanta Dream",4200
2024,2024-05-29,"MINNESOTA LYNX","Las Vegas Aces",7409
2024,2024-05-30,"INDIANA FEVER","Seattle Storm",15022
2024,2024-05-30,"CHICAGO SKY","Los Angeles Sparks",7911
2024,2024-05-31,"ATLANTA DREAM","Las Vegas Aces",4015
2024,2024-05-31,"CONNECTICUT SUN","Dallas Wings",7638
2024,2024-05-31,"NEW YORK LIBERTY","Washington Mystics",9878
2024,2024-05-31,"MINNESOTA LYNX","Phoenix Mercury",7035
2024,2024-06-01,"INDIANA FEVER","Chicago Sky",17274
2024,2024-06-02,"ATLANTA DREAM","Connecticut Sun",3265
2024,2024-06-02,"PHOENIX MERCURY","Los Angeles Sparks",10207
2024,2024-06-02,"NEW YORK LIBERTY","Indiana Fever",17401
2024,2024-06-02,"MINNESOTA LYNX","Dallas Wings",7024
2024,2024-06-04,"CONNECTICUT SUN","Washington Mystics",5346
2024,2024-06-04,"CHICAGO SKY","New York Liberty",8277
2024,2024-06-04,"SEATTLE STORM","Phoenix Mercury",8133
2024,2024-06-05,"DALLAS WINGS","Las Vegas Aces",6251
2024,2024-06-05,"LOS ANGELES SPARKS","Minnesota Lynx",8104
2024,2024-06-06,"WASHINGTON MYSTICS","Chicago Sky",10000
2024,2024-06-06,"ATLANTA DREAM","New York Liberty",3255
2024,2024-06-07,"WASHINGTON MYSTICS","Indiana Fever",20333
2024,2024-06-07,"LAS VEGAS ACES","Seattle Storm",10380
2024,2024-06-07,"LOS ANGELES SPARKS","Dallas Wings",10123
2024,2024-06-07,"PHOENIX MERCURY","Minnesota Lynx",9052
2024,2024-06-08,"CONNECTICUT SUN","New York Liberty",8910
2024,2024-06-08,"CHICAGO SKY","Atlanta Dream",8804
2024,2024-06-09,"NEW YORK LIBERTY","Washington Mystics",12477
2024,2024-06-09,"DALLAS WINGS","Phoenix Mercury",5568
2024,2024-06-09,"MINNESOTA LYNX","Seattle Storm",7121
2024,2024-06-09,"LOS ANGELES SPARKS","Las Vegas Aces",13900
2024,2024-06-10,"CONNECTICUT SUN","Indiana Fever",8910
2024,2024-06-11,"ATLANTA DREAM","Washington Mystics",3260
2024,2024-06-11,"LAS VEGAS ACES","Minnesota Lynx",10368
2024,2024-06-11,"SEATTLE STORM","Los Angeles Sparks",8202
2024,2024-06-12,"CHICAGO SKY","Connecticut Sun",7815
2024,2024-06-13,"INDIANA FEVER","Atlanta Dream",16651
2024,2024-06-13,"DALLAS WINGS","Seattle Storm",5568
2024,2024-06-13,"PHOENIX MERCURY","Las Vegas Aces",9325
2024,2024-06-14,"WASHINGTON MYSTICS","Chicago Sky",4200
2024,2024-06-14,"MINNESOTA LYNX","Los Angeles Sparks",8117
2024,2024-06-15,"DALLAS WINGS","Connecticut Sun",5977
2024,2024-06-15,"LAS VEGAS ACES","New York Liberty",10424
2024,2024-06-16,"INDIANA FEVER","Chicago Sky",17274
2024,2024-06-16,"PHOENIX MERCURY","Seattle Storm",9444
2024,2024-06-16,"ATLANTA DREAM","Los Angeles Sparks",3260
2024,2024-06-17,"MINNESOTA LYNX","Dallas Wings",8314
2024,2024-06-18,"CONNECTICUT SUN","Los Angeles Sparks",7853
2024,2024-06-18,"PHOENIX MERCURY","New York Liberty",9824
2024,2024-06-19,"INDIANA FEVER","Washington Mystics",17274
2024,2024-06-19,"MINNESOTA LYNX","Atlanta Dream",8206
2024,2024-06-19,"LAS VEGAS ACES","Seattle Storm",10380
2024,2024-06-20,"CHICAGO SKY","Dallas Wings",9025
2024,2024-06-20,"NEW YORK LIBERTY","Los Angeles Sparks",10955
2024,2024-06-21,"ATLANTA DREAM","Indiana Fever",17575
2024,2024-06-21,"LAS VEGAS ACES","Connecticut Sun",10385
2024,2024-06-22,"WASHINGTON MYSTICS","Dallas Wings",4200
2024,2024-06-22,"NEW YORK LIBERTY","Los Angeles Sparks",13639
2024,2024-06-22,"MINNESOTA LYNX","Phoenix Mercury",8769
2024,2024-06-23,"ATLANTA DREAM","New York Liberty",3260
2024,2024-06-23,"WASHINGTON MYSTICS","Dallas Wings",4200
2024,2024-06-23,"SEATTLE STORM","Connecticut Sun",9935
2024,2024-06-23,"CHICAGO SKY","Indiana Fever",9872
2024,2024-06-27,"DALLAS WINGS","Minnesota Lynx",6251
2024,2024-06-27,"WASHINGTON MYSTICS","Connecticut Sun",4200
2024,2024-06-27,"CHICAGO SKY","Las Vegas Aces",9025
2024,2024-06-27,"SEATTLE STORM","Indiana Fever",18343
2024,2024-06-28,"CONNECTICUT SUN","Atlanta Dream",7008
2024,2024-06-28,"PHOENIX MERCURY","Los Angeles Sparks",14363
2024,2024-06-29,"WASHINGTON MYSTICS","Las Vegas Aces",4200
2024,2024-06-29,"SEATTLE STORM","Dallas Wings",9080
2024,2024-06-30,"NEW YORK LIBERTY","Atlanta Dream",10823
2024,2024-06-30,"CHICAGO SKY","Minnesota Lynx",9025
2024,2024-06-30,"PHOENIX MERCURY","Indiana Fever",17071
2024,2024-07-01,"PHOENIX MERCURY","Connecticut Sun",8445
2024,2024-07-01,"SEATTLE STORM","Dallas Wings",7202
2024,2024-07-02,"NEW YORK LIBERTY","Minnesota Lynx",10846
2024,2024-07-02,"ATLANTA DREAM","Chicago Sky",3260
2024,2024-07-02,"LAS VEGAS ACES","Indiana Fever",20366
2024,2024-07-02,"LOS ANGELES SPARKS","Washington Mystics",9164
2024,2024-07-03,"DALLAS WINGS","Phoenix Mercury",6129
2024,2024-07-04,"MINNESOTA LYNX","Connecticut Sun",7508
2024,2024-07-04,"LAS VEGAS ACES","Washington Mystics",10376
2024,2024-07-05,"DALLAS WINGS","Atlanta Dream",5872
2024,2024-07-05,"LOS ANGELES SPARKS","Las Vegas Aces",13840
2024,2024-07-05,"SEATTLE STORM","Chicago Sky",10725
2024,2024-07-06,"INDIANA FEVER","New York Liberty",17274
2024,2024-07-06,"MINNESOTA LYNX","Washington Mystics",7610
2024,2024-07-07,"CONNECTICUT SUN","Atlanta Dream",7527
2024,2024-07-07,"LAS VEGAS ACES","Dallas Wings",10369
2024,2024-07-07,"SEATTLE STORM","Chicago Sky",11283
2024,2024-07-07,"LOS ANGELES SPARKS","Phoenix Mercury",11618
2024,2024-07-09,"LOS ANGELES SPARKS","Minnesota Lynx",9533
2024,2024-07-10,"CONNECTICUT SUN","New York Liberty",8910
2024,2024-07-10,"INDIANA FEVER","Washington Mystics",17274
2024,2024-07-10,"CHICAGO SKY","Atlanta Dream",9025
2024,2024-07-10,"SEATTLE STORM","Las Vegas Aces",12500
2024,2024-07-10,"PHOENIX MERCURY","Dallas Wings",11601
2024,2024-07-11,"NEW YORK LIBERTY","Chicago Sky",17758
2024,2024-07-12,"ATLANTA DREAM","Las Vegas Aces",3344
2024,2024-07-12,"INDIANA FEVER","Phoenix Mercury",17274
2024,2024-07-12,"SEATTLE STORM","Minnesota Lynx",8320
2024,2024-07-13,"CHICAGO SKY","New York Liberty",9025
2024,2024-07-13,"DALLAS WINGS","Los Angeles Sparks",6251
2024,2024-07-14,"CONNECTICUT SUN","Phoenix Mercury",8910
2024,2024-07-14,"WASHINGTON MYSTICS","Las Vegas Aces",4200
2024,2024-07-14,"MINNESOTA LYNX","Indiana Fever",18978
2024,2024-07-14,"SEATTLE STORM","Atlanta Dream",10036
2024,2024-07-16,"WASHINGTON MYSTICS","Phoenix Mercury",12586
2024,2024-07-16,"LOS ANGELES SPARKS","Seattle Storm",18724
2024,2024-07-16,"NEW YORK LIBERTY","Connecticut Sun",13694
2024,2024-07-16,"LAS VEGAS ACES","Chicago Sky",10396
2024,2024-07-17,"MINNESOTA LYNX","Atlanta Dream",15013
2024,2024-07-17,"DALLAS WINGS","Indiana Fever",6251
2024,2024-08-15,"CHICAGO SKY","Phoenix Mercury",9025
2024,2024-08-15,"MINNESOTA LYNX","Washington Mystics",7224
2024,2024-08-15,"LOS ANGELES SPARKS","New York Liberty",11120
2024,2024-08-16,"ATLANTA DREAM","Seattle Storm",3260
2024,2024-08-16,"INDIANA FEVER","Phoenix Mercury",17274
2024,2024-08-16,"DALLAS WINGS","Connecticut Sun",6191
2024,2024-08-17,"WASHINGTON MYSTICS","Minnesota Lynx",4200
2024,2024-08-17,"LAS VEGAS ACES","New York Liberty",10397
2024,2024-08-17,"LOS ANGELES SPARKS","Chicago Sky",16551
2024,2024-08-18,"ATLANTA DREAM","Connecticut Sun",3330
2024,2024-08-18,"INDIANA FEVER","Seattle Storm",17274
2024,2024-08-18,"LAS VEGAS ACES","Los Angeles Sparks",10311
2024,2024-08-18,"PHOENIX MERCURY","Chicago Sky",14267
2024,2024-08-20,"CONNECTICUT SUN","Los Angeles Sparks",19125
2024,2024-08-20,"NEW YORK LIBERTY","Dallas Wings",11455
2024,2024-08-20,"WASHINGTON MYSTICS","Seattle Storm",4200
2024,2024-08-21,"ATLANTA DREAM","Phoenix Mercury",3260
2024,2024-08-21,"LAS VEGAS ACES","Minnesota Lynx",10429
2024,2024-08-22,"NEW YORK LIBERTY","Dallas Wings",10986
2024,2024-08-23,"ATLANTA DREAM","Phoenix Mercury",3260
2024,2024-08-23,"CONNECTICUT SUN","Chicago Sky",8910
2024,2024-08-23,"WASHINGTON MYSTICS","Los Angeles Sparks",4200
2024,2024-08-23,"MINNESOTA LYNX","Las Vegas Aces",9124
2024,2024-08-24,"NEW YORK LIBERTY","Connecticut Sun",13098
2024,2024-08-24,"MINNESOTA LYNX","Indiana Fever",19023
2024,2024-08-25,"CHICAGO SKY","Las Vegas Aces",9025
2024,2024-08-25,"DALLAS WINGS","Los Angeles Sparks",5925
2024,2024-08-26,"ATLANTA DREAM","Indiana Fever",17608
2024,2024-08-26,"PHOENIX MERCURY","New York Liberty",10299
2024,2024-08-26,"SEATTLE STORM","Washington Mystics",9535
2024,2024-08-27,"DALLAS WINGS","Las Vegas Aces",6251
2024,2024-08-28,"INDIANA FEVER","Connecticut Sun",17274
2024,2024-08-28,"CHICAGO SKY","Washington Mystics",8763
2024,2024-08-28,"LOS ANGELES SPARKS","New York Liberty",10403
2024,2024-08-28,"PHOENIX MERCURY","Minnesota Lynx",9482
2024,2024-08-28,"SEATTLE STORM","Atlanta Dream",9228
2024,2024-08-30,"CHICAGO SKY","Indiana Fever",9445
2024,2024-08-30,"DALLAS WINGS","Minnesota Lynx",5581
2024,2024-08-30,"LAS VEGAS ACES","Atlanta Dream",10397
2024,2024-08-30,"SEATTLE STORM","New York Liberty",15800
2024,2024-08-31,"WASHINGTON MYSTICS","Connecticut Sun",4200
2024,2024-09-01,"CONNECTICUT SUN","Seattle Storm",8910
2024,2024-09-01,"MINNESOTA LYNX","Chicago Sky",8421
2024,2024-09-01,"DALLAS WINGS","Indiana Fever",6251
2024,2024-09-01,"PHOENIX MERCURY","Las Vegas Aces",13981
2024,2024-09-01,"LOS ANGELES SPARKS","Atlanta Dream",11165
2024,2024-09-03,"CONNECTICUT SUN","Seattle Storm",7454
2024,2024-09-03,"DALLAS WINGS","Washington Mystics",5129
2024,2024-09-03,"LAS VEGAS ACES","Chicago Sky",18394
2024,2024-09-03,"PHOENIX MERCURY","Atlanta Dream",7639
2024,2024-09-04,"INDIANA FEVER","Los Angeles Sparks",16645
2024,2024-09-05,"NEW YORK LIBERTY","Seattle Storm",10873
2024,2024-09-05,"PHOENIX MERCURY","Washington Mystics",7709
2024,2024-09-06,"ATLANTA DREAM","Dallas Wings",3260
2024,2024-09-06,"CONNECTICUT SUN","Las Vegas Aces",8910
2024,2024-09-06,"INDIANA FEVER","Minnesota Lynx",17274
2024,2024-09-06,"CHICAGO SKY","Los Angeles Sparks",9025
2024,2024-09-07,"SEATTLE STORM","Phoenix Mercury",14066
2024,2024-09-08,"WASHINGTON MYSTICS","Minnesota Lynx",4200
2024,2024-09-08,"INDIANA FEVER","Atlanta Dream",17274
2024,2024-09-08,"NEW YORK LIBERTY","Las Vegas Aces",15393
2024,2024-09-08,"CHICAGO SKY","Dallas Wings",8704
2024,2024-09-08,"LOS ANGELES SPARKS","Connecticut Sun",10627
2024,2024-09-10,"ATLANTA DREAM","Minnesota Lynx",3260
2024,2024-09-10,"DALLAS WINGS","New York Liberty",5157
2024,2024-09-10,"LOS ANGELES SPARKS","Connecticut Sun",8253
2024,2024-09-11,"INDIANA FEVER","Las Vegas Aces",17274
2024,2024-09-11,"CHICAGO SKY","Washington Mystics",7948
2024,2024-09-11,"LOS ANGELES SPARKS","Seattle Storm",9561
2024,2024-09-12,"DALLAS WINGS","New York Liberty",5384
2024,2024-09-13,"ATLANTA DREAM","Washington Mystics",3260
2024,2024-09-13,"INDIANA FEVER","Las Vegas Aces",17274
2024,2024-09-13,"DALLAS WINGS","Seattle Storm",5728
2024,2024-09-13,"MINNESOTA LYNX","Chicago Sky",8810
2024,2024-09-13,"PHOENIX MERCURY","Connecticut Sun",14190
2024,2024-09-15,"INDIANA FEVER","Dallas Wings",17274
2024,2024-09-15,"NEW YORK LIBERTY","Minnesota Lynx",14246
2024,2024-09-15,"WASHINGTON MYSTICS","Atlanta Dream",4200
2024,2024-09-15,"CHICAGO SKY","Phoenix Mercury",8577
2024,2024-09-15,"LAS VEGAS ACES","Connecticut Sun",10431
2024,2024-09-15,"SEATTLE STORM","Los Angeles Sparks",11301
2024,2024-09-17,"CONNECTICUT SUN","Minnesota Lynx",8174
2024,2024-09-17,"WASHINGTON MYSTICS","New York Liberty",4200
2024,2024-09-17,"ATLANTA DREAM","Chicago Sky",3355
2024,2024-09-17,"SEATTLE STORM","Las Vegas Aces",14298
2024,2024-09-17,"LOS ANGELES SPARKS","Phoenix Mercury",11294
2024,2024-09-19,"CONNECTICUT SUN","Chicago Sky",8092
2024,2024-09-19,"NEW YORK LIBERTY","Atlanta Dream",12721
2024,2024-09-19,"WASHINGTON MYSTICS","Indiana Fever",20711
2024,2024-09-19,"MINNESOTA LYNX","Los Angeles Sparks",7908
2024,2024-09-19,"LAS VEGAS ACES","Dallas Wings",10376
2024,2024-09-19,"PHOENIX MERCURY","Seattle Storm",11333
2025,2025-05-16,"WASHINGTON MYSTICS","Atlanta Dream",4200
2025,2025-05-16,"DALLAS WINGS","Minnesota Lynx",6251
2025,2025-05-16,"GOLDEN STATE VALKYRIES","Los Angeles Sparks",18064
2025,2025-05-17,"NEW YORK LIBERTY","Las Vegas Aces",17344
2025,2025-05-17,"INDIANA FEVER","Chicago Sky",17274
2025,2025-05-17,"PHOENIX MERCURY","Seattle Storm",10623
2025,2025-05-18,"CONNECTICUT SUN","Washington Mystics",7834
2025,2025-05-18,"LOS ANGELES SPARKS","Minnesota Lynx",11170
2025,2025-05-19,"DALLAS WINGS","Seattle Storm",6137
2025,2025-05-20,"CONNECTICUT SUN","Las Vegas Aces",8179
2025,2025-05-20,"INDIANA FEVER","Atlanta Dream",16269
2025,2025-05-21,"MINNESOTA LYNX","Dallas Wings",12772
2025,2025-05-21,"GOLDEN STATE VALKYRIES","Washington Mystics",18064
2025,2025-05-21,"PHOENIX MERCURY","Los Angeles Sparks",8024
2025,2025-05-22,"ATLANTA DREAM","Indiana Fever",17044
2025,2025-05-22,"CHICAGO SKY","New York Liberty",9025
2025,2025-05-23,"MINNESOTA LYNX","Connecticut Sun",8224
2025,2025-05-23,"LAS VEGAS ACES","Washington Mystics",10509
2025,2025-05-23,"LOS ANGELES SPARKS","Golden State Valkyries",10857
2025,2025-05-23,"SEATTLE STORM","Phoenix Mercury",9091
2025,2025-05-24,"INDIANA FEVER","New York Liberty",17274
2025,2025-05-24,"ATLANTA DREAM","Dallas Wings",3265
2025,2025-05-25,"ATLANTA DREAM","Connecticut Sun",3265
2025,2025-05-25,"LOS ANGELES SPARKS","Chicago Sky",11422
2025,2025-05-25,"PHOENIX MERCURY","Washington Mystics",10065
2025,2025-05-25,"SEATTLE STORM","Las Vegas Aces",10634
2025,2025-05-27,"CONNECTICUT SUN","Dallas Wings",8910
2025,2025-05-27,"NEW YORK LIBERTY","Golden State Valkyries",14774
2025,2025-05-27,"MINNESOTA LYNX","Seattle Storm",7808
2025,2025-05-27,"LOS ANGELES SPARKS","Atlanta Dream",10797
2025,2025-05-27,"PHOENIX MERCURY","Chicago Sky",8818
2025,2025-05-28,"WASHINGTON MYSTICS","Indiana Fever",11183
2025,2025-05-29,"NEW YORK LIBERTY","Golden State Valkyries",14951
2025,2025-05-29,"CHICAGO SKY","Dallas Wings",9025
2025,2025-05-30,"INDIANA FEVER","Connecticut Sun",16213
2025,2025-05-30,"WASHINGTON MYSTICS","New York Liberty",4200
2025,2025-05-30,"LAS VEGAS ACES","Los Angeles Sparks",10504
2025,2025-05-30,"PHOENIX MERCURY","Minnesota Lynx",9043
2025,2025-05-30,"SEATTLE STORM","Atlanta Dream",9666
2025,2025-05-31,"DALLAS WINGS","Chicago Sky",6251
2025,2025-06-01,"NEW YORK LIBERTY","Connecticut Sun",17415
2025,2025-06-01,"LOS ANGELES SPARKS","Phoenix Mercury",11033
2025,2025-06-01,"SEATTLE STORM","Las Vegas Aces",10201
2025,2025-06-01,"GOLDEN STATE VALKYRIES","Minnesota Lynx",18064
2025,2025-06-03,"INDIANA FEVER","Washington Mystics",16013
2025,2025-06-03,"MINNESOTA LYNX","Phoenix Mercury",8772
2025,2025-06-03,"SEATTLE STORM","Dallas Wings",10252
2025,2025-06-05,"WASHINGTON MYSTICS","New York Liberty",4200
2025,2025-06-05,"PHOENIX MERCURY","Golden State Valkyries",9943
2025,2025-06-06,"CONNECTICUT SUN","Atlanta Dream",8078
2025,2025-06-06,"DALLAS WINGS","Los Angeles Sparks",6007
2025,2025-06-07,"GOLDEN STATE VALKYRIES","Las Vegas Aces",18064
2025,2025-06-07,"CHICAGO SKY","Indiana Fever",19496
2025,2025-06-07,"PHOENIX MERCURY","Seattle Storm",9876
2025,2025-06-08,"WASHINGTON MYSTICS","Connecticut Sun",4200
2025,2025-06-08,"DALLAS WINGS","Minnesota Lynx",6162
2025,2025-06-09,"LOS ANGELES SPARKS","Golden State Valkyries",10921
2025,2025-06-10,"ATLANTA DREAM","Indiana Fever",3265
2025,2025-06-10,"NEW YORK LIBERTY","Chicago Sky",16081
2025,2025-06-11,"LAS VEGAS ACES","Los Angeles Sparks",10417
2025,2025-06-11,"PHOENIX MERCURY","Dallas Wings",13001
2025,2025-06-11,"SEATTLE STORM","Minnesota Lynx",9722
2025,2025-06-13,"ATLANTA DREAM","Chicago Sky",3296
2025,2025-06-13,"LAS VEGAS ACES","Dallas Wings",10428
2025,2025-06-14,"MINNESOTA LYNX","Los Angeles Sparks",10810
2025,2025-06-14,"INDIANA FEVER","New York Liberty",17274
2025,2025-06-14,"GOLDEN STATE VALKYRIES","Seattle Storm",18064
2025,2025-06-15,"CONNECTICUT SUN","Chicago Sky",8451
2025,2025-06-15,"WASHINGTON MYSTICS","Atlanta Dream",4200
2025,2025-06-15,"LAS VEGAS ACES","Phoenix Mercury",10497
2025,2025-06-17,"INDIANA FEVER","Connecticut Sun",16284
2025,2025-06-17,"NEW YORK LIBERTY","Atlanta Dream",15149
2025,2025-06-17,"CHICAGO SKY","Washington Mystics",7579
2025,2025-06-17,"DALLAS WINGS","Golden State Valkyries",6061
2025,2025-06-17,"MINNESOTA LYNX","Las Vegas Aces",8802
2025,2025-06-17,"LOS ANGELES SPARKS","Seattle Storm",10581
2025,2025-06-18,"CONNECTICUT SUN","Phoenix Mercury",7864
2025,2025-06-19,"NEW YORK LIBERTY","Phoenix Mercury",16383
2025,2025-06-19,"GOLDEN STATE VALKYRIES","Indiana Fever",18064
2025,2025-06-20,"ATLANTA DREAM","Washington Mystics",3265
2025,2025-06-20,"CONNECTICUT SUN","Dallas Wings",8910
2025,2025-06-20,"LAS VEGAS ACES","Seattle Storm",10428
2025,2025-06-21,"CHICAGO SKY","Phoenix Mercury",7291
2025,2025-06-21,"MINNESOTA LYNX","Los Angeles Sparks",8777
2025,2025-06-22,"ATLANTA DREAM","Chicago Sky",3283
2025,2025-06-22,"WASHINGTON MYSTICS","Dallas Wings",4200
2025,2025-06-22,"LAS VEGAS ACES","Indiana Fever",18547
2025,2025-06-22,"SEATTLE STORM","New York Liberty",12500
2025,2025-06-22,"GOLDEN STATE VALKYRIES","Connecticut Sun",18064
2025,2025-06-24,"WASHINGTON MYSTICS","Minnesota Lynx",4200
2025,2025-06-24,"CHICAGO SKY","Los Angeles Sparks",8004
2025,2025-06-24,"DALLAS WINGS","Atlanta Dream",6251
2025,2025-06-24,"SEATTLE STORM","Indiana Fever",18343
2025,2025-06-25,"GOLDEN STATE VALKYRIES","New York Liberty",18064
2025,2025-06-25,"LAS VEGAS ACES","Connecticut Sun",10432
2025,2025-06-26,"INDIANA FEVER","Los Angeles Sparks",17274
2025,2025-06-26,"LAS VEGAS ACES","Washington Mystics",10427
2025,2025-06-27,"ATLANTA DREAM","Minnesota Lynx",3265
2025,2025-06-27,"DALLAS WINGS","Indiana Fever",20409
2025,2025-06-27,"GOLDEN STATE VALKYRIES","Chicago Sky",18064
2025,2025-06-27,"PHOENIX MERCURY","New York Liberty",12009
2025,2025-06-27,"SEATTLE STORM","Connecticut Sun",10776
2025,2025-06-28,"DALLAS WINGS","Washington Mystics",6006
2025,2025-06-29,"ATLANTA DREAM","New York Liberty",3265
2025,2025-06-29,"LOS ANGELES SPARKS","Chicago Sky",13523
2025,2025-06-29,"PHOENIX MERCURY","Las Vegas Aces",13247
2025,2025-06-29,"MINNESOTA LYNX","Connecticut Sun",8821
2025,2025-06-29,"GOLDEN STATE VALKYRIES","Seattle Storm",18064
2025,2025-07-03,"INDIANA FEVER","Las Vegas Aces",16509
2025,2025-07-03,"NEW YORK LIBERTY","Los Angeles Sparks",15956
2025,2025-07-03,"ATLANTA DREAM","Seattle Storm",3265
2025,2025-07-03,"DALLAS WINGS","Phoenix Mercury",6162
2025,2025-07-03,"MINNESOTA LYNX","Washington Mystics",8824
2025,2025-07-05,"INDIANA FEVER","Los Angeles Sparks",17274
2025,2025-07-05,"MINNESOTA LYNX","Golden State Valkyries",8771
2025,2025-07-06,"NEW YORK LIBERTY","Seattle Storm",15515
2025,2025-07-06,"CONNECTICUT SUN","Las Vegas Aces",8476
2025,2025-07-06,"MINNESOTA LYNX","Chicago Sky",8810
2025,2025-07-07,"ATLANTA DREAM","Golden State Valkyries",3265
2025,2025-07-07,"PHOENIX MERCURY","Dallas Wings",11932
2025,2025-07-08,"WASHINGTON MYSTICS","Chicago Sky",9350
2025,2025-07-08,"NEW YORK LIBERTY","Las Vegas Aces",15041
2025,2025-07-09,"CONNECTICUT SUN","Seattle Storm",7984
2025,2025-07-09,"INDIANA FEVER","Golden State Valkyries",16798
2025,2025-07-09,"PHOENIX MERCURY","Minnesota Lynx",10083
2025,2025-07-09,"CHICAGO SKY","Dallas Wings",9025
2025,2025-07-10,"LOS ANGELES SPARKS","Minnesota Lynx",18199
2025,2025-07-10,"WASHINGTON MYSTICS","Las Vegas Aces",9350
2025,2025-07-11,"INDIANA FEVER","Atlanta Dream",16966
2025,2025-07-11,"SEATTLE STORM","Connecticut Sun",9569
2025,2025-07-12,"CHICAGO SKY","Minnesota Lynx",9025
2025,2025-07-12,"LAS VEGAS ACES","Golden State Valkyries",10488
2025,2025-07-13,"INDIANA FEVER","Dallas Wings",17274
2025,2025-07-13,"NEW YORK LIBERTY","Atlanta Dream",17265
2025,2025-07-13,"LOS ANGELES SPARKS","Connecticut Sun",12184
2025,2025-07-13,"SEATTLE STORM","Washington Mystics",11126
2025,2025-07-14,"CHICAGO SKY","Minnesota Lynx",8105
2025,2025-07-14,"GOLDEN STATE VALKYRIES","Phoenix Mercury",18064
2025,2025-07-15,"CONNECTICUT SUN","Indiana Fever",19156
2025,2025-07-15,"LOS ANGELES SPARKS","Washington Mystics",10787
2025,2025-07-16,"CHICAGO SKY","Atlanta Dream",9025
2025,2025-07-16,"MINNESOTA LYNX","Phoenix Mercury",16421
2025,2025-07-16,"SEATTLE STORM","Golden State Valkyries",12500
2025,2025-07-16,"NEW YORK LIBERTY","Indiana Fever",17371
2025,2025-07-16,"DALLAS WINGS","Las Vegas Aces",6153
2025,2025-07-22,"WASHINGTON MYSTICS","Los Angeles Sparks",4200
2025,2025-07-22,"NEW YORK LIBERTY","Indiana Fever",17365
2025,2025-07-22,"MINNESOTA LYNX","Chicago Sky",8821
2025,2025-07-22,"LAS VEGAS ACES","Atlanta Dream",10414
2025,2025-07-22,"SEATTLE STORM","Dallas Wings",12500
2025,2025-07-23,"PHOENIX MERCURY","Atlanta Dream",11850
2025,2025-07-24,"CONNECTICUT SUN","Los Angeles Sparks",7375
2025,2025-07-24,"INDIANA FEVER","Las Vegas Aces",16166
2025,2025-07-24,"CHICAGO SKY","Seattle Storm",7750
2025,2025-07-25,"NEW YORK LIBERTY","Phoenix Mercury",17515
2025,2025-07-25,"MINNESOTA LYNX","Las Vegas Aces",8810
2025,2025-07-25,"GOLDEN STATE VALKYRIES","Dallas Wings",18064
2025,2025-07-26,"NEW YORK LIBERTY","Los Angeles Sparks",16024
2025,2025-07-26,"WASHINGTON MYSTICS","Seattle Storm",4200
2025,2025-07-27,"CONNECTICUT SUN","Golden State Valkyries",8294
2025,2025-07-27,"CHICAGO SKY","Indiana Fever",19601
2025,2025-07-27,"DALLAS WINGS","Las Vegas Aces",6251
2025,2025-07-27,"WASHINGTON MYSTICS","Phoenix Mercury",4200
2025,2025-07-27,"MINNESOTA LYNX","Atlanta Dream",8788
2025,2025-07-28,"CONNECTICUT SUN","Seattle Storm",7136
2025,2025-07-28,"DALLAS WINGS","New York Liberty",6018
2025,2025-07-29,"ATLANTA DREAM","Golden State Valkyries",3265
2025,2025-07-29,"WASHINGTON MYSTICS","Chicago Sky",4200
2025,2025-07-29,"LOS ANGELES SPARKS","Las Vegas Aces",12449
2025,2025-07-30,"INDIANA FEVER","Phoenix Mercury",17274
2025,2025-07-30,"DALLAS WINGS","Atlanta Dream",5228
2025,2025-07-30,"MINNESOTA LYNX","New York Liberty",10824
2025,2025-07-31,"WASHINGTON MYSTICS","Golden State Valkyries",4200
2025,2025-08-01,"ATLANTA DREAM","Phoenix Mercury",3283
2025,2025-08-01,"CONNECTICUT SUN","New York Liberty",8664
2025,2025-08-01,"CHICAGO SKY","Golden State Valkyries",7714
2025,2025-08-01,"DALLAS WINGS","Indiana Fever",17857
2025,2025-08-01,"SEATTLE STORM","Los Angeles Sparks",11354
2025,2025-08-02,"LAS VEGAS ACES","Minnesota Lynx",10488
2025,2025-08-03,"CONNECTICUT SUN","New York Liberty",8747
2025,2025-08-03,"ATLANTA DREAM","Washington Mystics",3315
2025,2025-08-03,"SEATTLE STORM","Indiana Fever",16819
2025,2025-08-03,"CHICAGO SKY","Phoenix Mercury",7081
2025,2025-08-03,"LAS VEGAS ACES","Golden State Valkyries",10445
2025,2025-08-05,"NEW YORK LIBERTY","Dallas Wings",17306
2025,2025-08-05,"CHICAGO SKY","Washington Mystics",6572
2025,2025-08-05,"LOS ANGELES SPARKS","Indiana Fever",16035
2025,2025-08-05,"PHOENIX MERCURY","Connecticut Sun",8083
2025,2025-08-05,"SEATTLE STORM","Minnesota Lynx",10468
2025,2025-08-06,"GOLDEN STATE VALKYRIES","Las Vegas Aces",18064
2025,2025-08-07,"CHICAGO SKY","Atlanta Dream",7221
2025,2025-08-07,"LOS ANGELES SPARKS","Connecticut Sun",10780
2025,2025-08-07,"PHOENIX MERCURY","Indiana Fever",17071
2025,2025-08-08,"DALLAS WINGS","New York Liberty",6251
2025,2025-08-08,"MINNESOTA LYNX","Washington Mystics",8821
2025,2025-08-08,"LAS VEGAS ACES","Seattle Storm",10415
2025,2025-08-09,"INDIANA FEVER","Chicago Sky",17274
2025,2025-08-09,"GOLDEN STATE VALKYRIES","Los Angeles Sparks",18064
2025,2025-08-10,"NEW YORK LIBERTY","Minnesota Lynx",17343
2025,2025-08-10,"DALLAS WINGS","Washington Mystics",6152
2025,2025-08-10,"PHOENIX MERCURY","Atlanta Dream",13953
2025,2025-08-10,"LOS ANGELES SPARKS","Seattle Storm",11796
2025,2025-08-10,"LAS VEGAS ACES","Connecticut Sun",10407
2025,2025-08-11,"GOLDEN STATE VALKYRIES","Connecticut Sun",18064
2025,2025-08-12,"INDIANA FEVER","Dallas Wings",16027
2025,2025-08-12,"LOS ANGELES SPARKS","New York Liberty",11862
2025,2025-08-13,"CONNECTICUT SUN","Chicago Sky",6848
2025,2025-08-13,"WASHINGTON MYSTICS","Golden State Valkyries",4200
2025,2025-08-13,"LAS VEGAS ACES","New York Liberty",10417
2025,2025-08-13,"SEATTLE STORM","Atlanta Dream",10687
2025,2025-08-15,"INDIANA FEVER","Washington Mystics",16006
2025,2025-08-15,"CHICAGO SKY","Golden State Valkyries",7804
2025,2025-08-15,"DALLAS WINGS","Los Angeles Sparks",6116
2025,2025-08-15,"ATLANTA DREAM","Seattle Storm",15892
2025,2025-08-15,"PHOENIX MERCURY","Las Vegas Aces",10850
2025,2025-08-16,"MINNESOTA LYNX","New York Liberty",10810
2025,2025-08-17,"CONNECTICUT SUN","Indiana Fever",8910
2025,2025-08-17,"WASHINGTON MYSTICS","Los Angeles Sparks",4200
2025,2025-08-17,"LAS VEGAS ACES","Dallas Wings",10418
2025,2025-08-17,"SEATTLE STORM","Phoenix Mercury",14169
2025,2025-08-17,"GOLDEN STATE VALKYRIES","Atlanta Dream",18064
2025,2025-08-19,"NEW YORK LIBERTY","Minnesota Lynx",16864
2025,2025-08-19,"WASHINGTON MYSTICS","Connecticut Sun",4200
2025,2025-08-19,"CHICAGO SKY","Seattle Storm",6724
2025,2025-08-19,"LAS VEGAS ACES","Atlanta Dream",10420
2025,2025-08-19,"GOLDEN STATE VALKYRIES","Phoenix Mercury",18064
2025,2025-08-20,"LOS ANGELES SPARKS","Dallas Wings",13598
2025,2025-08-21,"CONNECTICUT SUN","Washington Mystics",7144
2025,2025-08-21,"NEW YORK LIBERTY","Chicago Sky",15887
2025,2025-08-21,"ATLANTA DREAM","Minnesota Lynx",3265
2025,2025-08-21,"LAS VEGAS ACES","Phoenix Mercury",10460
2025,2025-08-22,"INDIANA FEVER","Minnesota Lynx",15121
2025,2025-08-22,"DALLAS WINGS","Seattle Storm",6063
2025,2025-08-22,"PHOENIX MERCURY","Golden State Valkyries",10280
2025,2025-08-23,"ATLANTA DREAM","New York Liberty",3305
2025,2025-08-23,"WASHINGTON MYSTICS","Las Vegas Aces",4200
2025,2025-08-23,"CHICAGO SKY","Connecticut Sun",8412
2025,2025-08-24,"WASHINGTON MYSTICS","Seattle Storm",4200
2025,2025-08-24,"DALLAS WINGS","Golden State Valkyries",6251
2025,2025-08-24,"MINNESOTA LYNX","Indiana Fever",15124
2025,2025-08-25,"NEW YORK LIBERTY","Connecticut Sun",15011
2025,2025-08-25,"CHICAGO SKY","Las Vegas Aces",9103
2025,2025-08-26,"INDIANA FEVER","Seattle Storm",16737
2025,2025-08-26,"LOS ANGELES SPARKS","Phoenix Mercury",10726
2025,2025-08-27,"ATLANTA DREAM","Las Vegas Aces",3326
2025,2025-08-27,"DALLAS WINGS","Connecticut Sun",5710
2025,2025-08-28,"NEW YORK LIBERTY","Washington Mystics",15015
2025,2025-08-28,"MINNESOTA LYNX","Seattle Storm",9810
2025,2025-08-28,"PHOENIX MERCURY","Chicago Sky",10445
2025,2025-08-29,"ATLANTA DREAM","Dallas Wings",3268
2025,2025-08-29,"LOS ANGELES SPARKS","Indiana Fever",15419
2025,2025-08-30,"CONNECTICUT SUN","Minnesota Lynx",8910
2025,2025-08-30,"GOLDEN STATE VALKYRIES","Washington Mystics",18064
2025,2025-08-30,"SEATTLE STORM","Chicago Sky",12500
2025,2025-08-30,"PHOENIX MERCURY","New York Liberty",13252
2025,2025-08-31,"LOS ANGELES SPARKS","Washington Mystics",12218
2025,2025-08-31,"GOLDEN STATE VALKYRIES","Indiana Fever",18064
2025,2025-09-01,"CONNECTICUT SUN","Atlanta Dream",8081
2025,2025-09-01,"MINNESOTA LYNX","Dallas Wings",10824
2025,2025-09-01,"SEATTLE STORM","Los Angeles Sparks",12500
2025,2025-09-02,"GOLDEN STATE VALKYRIES","New York Liberty",18064
2025,2025-09-02,"PHOENIX MERCURY","Indiana Fever",13132
2025,2025-09-03,"ATLANTA DREAM","Los Angeles Sparks",3265
2025,2025-09-03,"CHICAGO SKY","Connecticut Sun",7195
2025,2025-09-04,"WASHINGTON MYSTICS","Phoenix Mercury",4200
2025,2025-09-04,"GOLDEN STATE VALKYRIES","Dallas Wings",18064
2025,2025-09-04,"LAS VEGAS ACES","Minnesota Lynx",14656
2025,2025-09-05,"ATLANTA DREAM","Los Angeles Sparks",3314
2025,2025-09-05,"INDIANA FEVER","Chicago Sky",16012
2025,2025-09-05,"SEATTLE STORM","New York Liberty",12500
2025,2025-09-06,"CONNECTICUT SUN","Phoenix Mercury",8910
2025,2025-09-06,"GOLDEN STATE VALKYRIES","Minnesota Lynx",18064
2025,2025-09-07,"WASHINGTON MYSTICS","Indiana Fever",11183
2025,2025-09-07,"LOS ANGELES SPARKS","Dallas Wings",13868
2025,2025-09-07,"LAS VEGAS ACES","Chicago Sky",17306
2025,2025-09-08,"ATLANTA DREAM","Connecticut Sun",3319
2025,2025-09-09,"NEW YORK LIBERTY","Washington Mystics",17532
2025,2025-09-09,"INDIANA FEVER","Minnesota Lynx",15012
2025,2025-09-09,"LAS VEGAS ACES","Chicago Sky",15640
2025,2025-09-09,"PHOENIX MERCURY","Los Angeles Sparks",13151
2025,2025-09-09,"SEATTLE STORM","Golden State Valkyries",12500
2025,2025-09-10,"CONNECTICUT SUN","Atlanta Dream",7508
2025,2025-09-11,"CHICAGO SKY","New York Liberty",8824
2025,2025-09-11,"DALLAS WINGS","Phoenix Mercury",6251
2025,2025-09-11,"MINNESOTA LYNX","Golden State Valkyries",8824
2025,2025-09-11,"LOS ANGELES SPARKS","Las Vegas Aces",13484
